Fourth Wing;Rebecca Yarros;4,58;1,833,552 ;237,231 ;517;2023-05-02;2023;Dragons
Happy Place;Emily Henry;4;965,692 ;116,016 ;400;2023-04-25;2023;Romance
Yellowface;R.F. Kuang;3,78;554,177 ;74,895 ;336;2023-05-16;2023;Fiction
Divine Rivals;RebeccaRoss;4,2;465,902 ;77,182 ;357;2023-04-04;2023;Romance
Love, Theoretically;Ali Hazelwood;4,11;432,513 ;60,004 ;389;2023-06-13;2023;Romance
Iron Flame;Rebecca Yarros;4,35;1,195,514 ;134,864 ;640;2023-11-07;2023;Romance
The Stolen Heir;Holly Black;3,98;115,428 ;20,128 ;356;2023-01-03;2023;Young Adult
Tress of the Emerald Sea;Brandon Sanderson;4,4;144,816 ;22,191 ;483;2023-01-10;2023;Fantasy
A Curse for True Love;Stephanie Garber;4,13;197,359 ;35,422 ;386;2023-10-24;2023;Fantasy
Emily Wilde's Encyclopaedia of Faeries;Heather Fawcett;4,02;104,291 ;19,993 ;317;2023-01-10;2023;Fantasy
Hell Bent;Leigh Bardugo;4,14;130,622 ;17,878 ;481;2023-01-10;2023;Fantasy
Hello Beautiful;Ann Napolitano;4,16;353,628 ;33,318 ;416;2023-03-14;2023;Fiction
Yours Truly;Abby Jimenez;4,32;396,023 ;53,021 ;416;2023-04-11;2023;Romance
The Right Move;Liz Tomforde;4,42;220,137 ;24,550 ;499;2023-02-07;2023;Romance
The Adventures of Amina al-Sirafi;Shannon Chakraborty;4,28;49,329 ;9,758 ;483;2023-02-28;2023;Fantasy
All the Dangerous Things;Stacy Willingham;4,07;197,136 ;20,295 ;326;2023-01-10;2023;Thriller
Final Offer;Lauren Asher;4,23;235,908 ;25,375 ;583;2023-01-23;2023;Romance
The Ashes & the Star-Cursed King;Carissa Broadbent;4,15;216,348 ;20,643 ;665;2023-04-14;2023;Fantasy
Vera Wong's Unsolicited Advice for Murderers;Jesse Q. Sutanto;4,04;101,240 ;15,792 ;339;2023-03-14;2023;Mystery
Weyward;Emilia Hart;4,07;187,025 ;22,093 ;329;2023-02-02;2023;Historical Fiction
Lady Tan’s Circle of Women;Lisa See;4,36;110,902 ;11,168 ;352;2023-06-06;2023;Historical Fiction
Maame;Jessica George;4,07;95,904 ;12,265 ;320;2023-01-31;2023;Fiction
The Seven Year Slip;Ashley Poston;4,23;234,395 ;41,968 ;352;2023-06-27;2023;Romance
How to Sell a Haunted House;Grady Hendrix;3,69;109,734 ;19,247 ;419;2023-01-17;2023;Horror
Things We Left Behind;Lucy Score;4,43;285,092 ;23,430 ;592;2023-09-05;2023;Romance
King of Pride;Ana Huang;3,95;202,381 ;20,309 ;358;2023-04-27;2023;Romance
In the Lives of Puppets;T.J. Klune;3,93;69,793 ;12,769 ;432;2023-04-25;2023;Fantasy
Tom Lake;Ann Patchett;4;315,726 ;38,911 ;309;2023-08-01;2023;Fiction
Heartstopper: Volume Five;Alice Oseman;4,49;133,444 ;17,579 ;336;2023-12-07;2023;Graphic Novels
The True Love Experiment;Christina Lauren;4,11;138,257 ;16,683 ;409;2023-05-16;2023;Romance
The Collected Regrets of Clover;Mikki Brammer;4,17;71,760 ;10,301 ;320;2023-05-09;2023;Fiction
Spare;Prince Harry;3,85;373,444 ;40,737 ;410;2023-01-10;2023;Nonfiction
A Day of Fallen Night;SamanthaShannon;4,37;34,255 ;5,896 ;868;2023-02-28;2023;Fantasy
None of This Is True;Lisa Jewell;4,13;579,598 ;61,577 ;380;2023-07-20;2023;Thriller
Clytemnestra;Costanza Casati;4,25;29,105 ;4,665 ;435;2023-05-02;2023;Mythology
What Lies in the Woods;Kate Alice Marshall;3,96;131,845 ;14,543 ;322;2023-01-17;2023;Thriller
Reckless;Elsie Silver;4,39;188,278 ;21,028 ;466;2023-06-09;2023;Romance
The Wishing Game;Meg Shaffer;4,08;132,202 ;20,651 ;304;2023-05-30;2023;Fiction
A Soul of Ash and Blood;Jennifer L. Armentrout;3,92;90,577 ;9,202 ;703;2023-07-18;2023;Romance
Powerless;Elsie Silver;4,08;206,110 ;21,318 ;396;2023-02-10;2023;Romance
Romantic Comedy;Curtis Sittenfeld;3,64;198,450 ;26,001 ;309;2023-04-04;2023;Romance
The Only One Left;Riley Sager;4,14;302,120 ;41,250 ;385;2023-06-20;2023;Thriller
The Last Devil to Die;Richard Osman;4,5;135,972 ;12,915 ;422;2023-09-14;2023;Mystery
Go as a River;Shelley Read;4,29;92,258 ;10,706 ;320;2023-03-07;2023;Historical Fiction
Secretly Yours;Tessa Bailey;3,29;120,733 ;13,989 ;384;2023-02-07;2023;Romance
Chain-Gang All-Stars;Nana Kwame Adjei-Brenyah;4,14;51,469 ;9,264 ;367;2023-05-02;2023;Fiction
Someone Else's Shoes;Jojo Moyes;3,96;192,232 ;16,215 ;438;2023-02-02;2023;Fiction
Not in a Billion Years;Camilla Isley;3,8;3,063 ;339 ;370;2023-09-06;2023;Romance
Fall of Ruin and Wrath;Jennifer L. Armentrout;4,01;52,803 ;6,904 ;416;2023-09-12;2023;Fantasy
The Writing Retreat;Julia Bartz;3,43;62,485 ;10,565 ;313;2023-02-21;2023;Thriller
Heir of Broken Fate;Mads Rafferty;3,72;4,906 ;607 ;512;2023-05-03;2023;Fantasy
Lost in the Moment and Found;Seanan McGuire;4,33;13,503 ;2,491 ;208;2023-01-10;2023;Fantasy
The Wager: A Tale of Shipwreck, Mutiny and Murder;David Grann;4,19;121,772 ;12,812 ;331;2023-04-18;2023;Nonfiction
These Infinite Threads;Tahereh Mafi;4,09;29,731 ;5,558 ;416;2023-02-07;2023;Fantasy
The House of Eve;Sadeqa Johnson;4,26;90,031 ;7,772 ;384;2023-02-07;2023;Historical Fiction
The Covenant of Water;AbrahamVerghese;4,45;189,502 ;21,340 ;724;2023-05-02;2023;Fiction
A House with Good Bones;T. Kingfisher;3,69;38,283 ;6,786 ;247;2023-03-28;2023;Horror
Yumi and the Nightmare Painter;Brandon Sanderson;4,48;57,620 ;8,359 ;480;2023-07-01;2023;Fantasy
Atalanta;Jennifer Saint;3,78;20,405 ;3,048 ;291;2023-04-11;2023;Mythology
Check & Mate;Ali Hazelwood;3,98;215,127 ;37,056 ;352;2023-11-07;2023;Young Adult
The Chalice of the Gods;Rick Riordan;4,33;83,175 ;14,059 ;268;2023-09-26;2023;Fantasy
Chain of Thorns;Cassandra Clare;4,05;49,716 ;8,721 ;778;2023-01-31;2023;Fantasy
Big Swiss;Jen Beagin;3,68;81,915 ;13,647 ;336;2023-02-07;2023;Fiction
The Wind Knows My Name;Isabel Allende;4,03;39,576 ;4,443 ;260;2023-06-06;2023;Historical Fiction
Immortal Longings;Chloe Gong;3,53;19,371 ;4,837 ;372;2023-07-18;2023;Fantasy
The Love Wager;Lynn Painter;3,88;74,984 ;10,740 ;315;2023-03-14;2023;Romance
The Woman in Me;Britney Spears;3,87;443,304 ;49,878 ;288;2023-10-24;2023;Nonfiction
Magic Tides;Ilona Andrews;4,52;14,809 ;1,401 ;158;2023-01-17;2023;Urban Fantasy
Lone Women;Victor LaValle;3,72;27,573 ;5,074 ;285;2023-03-28;2023;Horror
I Have Some Questions for You;Rebecca Makkai;3,61;113,131 ;14,017 ;438;2023-02-21;2023;Fiction
The Bandit Queens;Parini Shroff;3,93;35,229 ;5,196 ;342;2023-01-03;2023;Fiction
Magic Claims;Ilona Andrews;4,7;12,032 ;1,255 ;240;2023-06-13;2023;Urban Fantasy
The Villa;Rachel Hawkins;3,64;113,600 ;13,251 ;279;2023-01-03;2023;Mystery
Starling House;Alix E. Harrow;3,84;86,928 ;13,044 ;308;2023-10-03;2023;Fantasy
Hang the Moon;Jeannette Walls;3,83;68,886 ;6,204 ;368;2023-03-28;2023;Historical Fiction
Throne of the Fallen;Kerri Maniscalco;4,09;38,796 ;6,023 ;628;2023-10-03;2023;Fantasy
Lore Olympus: Volume Four;Rachel Smythe;4,49;31,540 ;2,229 ;416;2023-06-06;2023;Graphic Novels
A Study in Drowning;Ava Reid;3,79;51,293 ;11,983 ;378;2023-09-19;2023;Fantasy
Mysteries of Thorn Manor;Margaret Rogerson;4,09;22,837 ;4,256 ;192;2023-01-17;2023;Fantasy
The Last Tale of the Flower Bride;Roshani Chokshi;3,7;23,485 ;5,782 ;289;2023-02-14;2023;Fantasy
System Collapse;Martha Wells;4,22;42,009 ;4,894 ;245;2023-11-13;2023;Science Fiction
Practice Makes Perfect;SarahAdams;4,02;140,021 ;20,472 ;335;2023-05-02;2023;Romance
The Ferryman;Justin Cronin;3,93;31,647 ;4,528 ;538;2023-05-02;2023;Science Fiction
Thornhedge;T. Kingfisher;4;28,239 ;5,585 ;116;2023-08-15;2023;Fantasy
Loathe to Love You;Ali Hazelwood;3,87;58,076 ;6,591 ;370;2023-02-02;2023;Romance
That Time I Got Drunk and Saved a Human;Kimberly Lemming;4,17;9,370 ;1,457 ;336;2023-05-23;2023;Fantasy
Devious Obsession;S. Massery;4,02;15,867 ;1,505 ;512;2023-03-23;2023;Sports Romance
The House Is on Fire;Rachel Beanland;4,1;18,244 ;2,589 ;376;2023-04-04;2023;Historical Fiction
The Heaven & Earth Grocery Store;JamesMcBride;4,01;190,393 ;20,471 ;380;2023-08-08;2023;Fiction
Poverty, by America;Matthew Desmond;4,27;40,686 ;5,662 ;284;2023-03-21;2023;Nonfiction
The Bitter Past;Bruce Borgos;4,06;1,730 ;557 ;320;2023-07-18;2023;Mystery
Out on a Limb;Hannah Bonam-Young;4,36;60,128 ;11,406 ;397;2023-07-11;2023;Romance
God of Ruin;Rina Kent;4,11;50,368 ;5,626 ;430;2023-08-31;2023;Romance
Starter Villain;John Scalzi;4,16;48,695 ;7,897 ;264;2023-09-19;2023;Science Fiction
Sword Catcher;Cassandra Clare;3,8;26,446 ;5,537 ;624;2023-10-10;2023;Fantasy
Bone Island: Book of Danvers;Nicole Fiorina;4,43;1,648 ;463 ;680;2023-03-17;2023;Fantasy
Stone Cold Fox;Rachel Koller Croft;3,67;21,758 ;3,027 ;353;2023-02-14;2023;Thriller
Happiness Falls;Angie Kim;3,75;61,560 ;8,440 ;387;2023-08-29;2023;Mystery
Finlay Donovan Jumps the Gun;Elle Cosimano;3,82;59,264 ;7,501 ;304;2023-01-31;2023;Mystery
Bulletproof Barista;Cleo Coyle;4,01;1,733 ;188 ;352;2023-11-14;2023;Mystery
Butcher & Blackbird;Brynne Weaver;4,11;245,061 ;42,067 ;360;2023-08-15;2023;Romance
Georgie, All Along;Kate Clayborn;3,8;55,470 ;7,406 ;340;2023-01-24;2023;Romance
A Fire in the Flesh;Jennifer L. Armentrout;4,1;60,647 ;5,722 ;632;2023-10-31;2023;Fantasy
My Roommate Is a Vampire;Jenna Levine;3,48;64,024 ;13,947 ;341;2023-08-29;2023;Romance
The River We Remember;William Kent Krueger;4,29;61,603 ;6,911 ;432;2023-09-05;2023;Historical Fiction
The Drowning Woman;Robyn Harding;4,07;82,327 ;8,044 ;336;2023-06-13;2023;Thriller
The Crown of Oaths and Curses;J. Bree;4,29;12,664 ;2,114 ;663;2023-05-27;2023;Fantasy
Murder Your Employer: The McMasters Guide to Homicide;Rupert Holmes;3,86;32,662 ;5,142 ;389;2023-02-21;2023;Mystery
The Will of the Many;James Islington;4,63;44,478 ;7,954 ;639;2023-05-23;2023;Fantasy
The Drift;C.J. Tudor;3,71;16,983 ;3,291 ;340;2023-01-19;2023;Horror
Strange Sally Diamond;Liz Nugent;4,2;77,831 ;9,750 ;384;2023-07-18;2023;Thriller
Really Good, Actually;Monica Heisey;3,16;87,323 ;11,045 ;370;2023-01-17;2023;Fiction
The Secret Lives of Country Gentlemen;K.J. Charles;4,13;10,214 ;2,130 ;331;2023-03-07;2023;Romance
Witch King;Martha Wells;3,71;17,761 ;3,750 ;415;2023-05-30;2023;Fantasy
Unfortunately Yours;Tessa Bailey;3,8;80,878 ;8,967 ;384;2023-06-06;2023;Contemporary
Silver Nitrate;Silvia Moreno-Garcia;3,62;21,804 ;4,590 ;323;2023-07-18;2023;Horror
Holly;Stephen King;4,12;111,497 ;12,894 ;449;2023-09-05;2023;Horror
Highly Suspicious and Unfairly Cute;Talia Hibbert;3,72;31,294 ;7,101 ;336;2023-01-03;2023;Romance
Forget Me Not;Julie Soto;4,01;46,893 ;9,467 ;341;2023-07-11;2023;Contemporary
Birnam Wood;Eleanor Catton;3,82;37,931 ;5,629 ;432;2023-03-02;2023;Fiction
The House of Doors;Tan Twan Eng;4,14;12,291 ;1,652 ;320;2023-05-04;2023;Historical Fiction
Wildfire;Hannah Grace;3,88;263,815 ;31,466 ;383;2023-10-03;2023;Sports Romance
Open Throat;Henry Hoke;4;9,620 ;2,037 ;176;2023-06-06;2023;Fiction
Psyche and Eros;Luna McNamara;3,78;11,734 ;2,180 ;352;2023-05-25;2023;Mythology
The Last Chance Cowboy;Jody Hedlund;4,41;1,201 ;265 ;352;2023-02-14;2023;Historical Fiction
Let Us Descend;Jesmyn Ward;3,7;26,479 ;3,799 ;320;2023-10-24;2023;Historical Fiction
Princes of Chaos;Angel Lawson;4,4;4,916 ;526 ;582;2023-05-31;2023;Reverse Harem
Pineapple Street;JennyJackson;3,57;172,570 ;16,128 ;304;2023-03-07;2023;Fiction
Pucking Around;Emily Rath;3,84;129,681 ;14,388 ;756;2023-03-18;2023;Romance
Storm Watch;C.J. Box;4,2;22,531 ;1,331 ;368;2023-02-28;2023;Mystery
The Golden Spoon;Jessa Maxwell;3,49;38,589 ;6,376 ;288;2023-03-07;2023;Mystery
North Woods;DanielMason;4,15;44,833 ;6,799 ;372;2023-09-19;2023;Fiction
The Shards;Bret Easton Ellis;4;24,999 ;3,820 ;595;2023-01-17;2023;Fiction
The Frugal Wizard’s Handbook for Surviving Medieval England;Brandon Sanderson;3,77;45,403 ;6,024 ;399;2023-07-27;2023;Fantasy
The Foxglove King;Hannah F. Whitten;3,79;23,204 ;4,642 ;466;2023-03-07;2023;Fantasy
Ink Blood Sister Scribe;Emma Törzs;4,04;40,998 ;6,330 ;416;2023-05-30;2023;Fantasy
Only the Beautiful;Susan Meissner;4,47;26,149 ;2,908 ;400;2023-04-18;2023;Historical Fiction
A Girl Called Samson;Amy Harmon;4,5;42,080 ;4,187 ;405;2023-04-01;2023;Historical Fiction
One of Us Is Back;Karen M. McManus;3,97;50,258 ;5,786 ;368;2023-07-25;2023;Mystery
All the Sinners Bleed;S.A. Cosby;4,24;60,979 ;7,807 ;341;2023-06-06;2023;Mystery
The Unmaking of June Farrow;Adrienne Young;4,17;71,151 ;12,560 ;320;2023-10-17;2023;Fantasy
If Only You;Chloe Liese;4,04;17,326 ;2,667 ;384;2023-04-11;2023;Romance
Thorne Princess;L.J. Shen;3,88;16,415 ;1,613 ;452;2023-01-12;2023;Romance
Assistant to the Villain;Hannah Nicole Maehrer;3,89;118,358 ;22,433 ;342;2023-08-29;2023;Fantasy
My Billionaire Grump;Camilla Isley;3,07;2,110 ;188 ;115;2023-05-05;2023;Romance
The Bookbinder;Pip Williams;4,07;22,490 ;2,608 ;437;2023-03-28;2023;Historical Fiction
The Sun and the Star: A Nico di Angelo Adventure;Rick Riordan;4,24;39,287 ;7,087 ;480;2023-05-02;2023;Fantasy
The Mystery Guest;Nita Prose;3,84;93,014 ;10,851 ;293;2023-11-28;2023;Mystery
Painted Devils;Margaret Owen;4,28;5,215 ;1,259 ;512;2023-05-16;2023;Fantasy
Queen Charlotte;Julia Quinn;4,15;31,468 ;3,887 ;352;2023-05-09;2023;Romance
Ruthless Vows;RebeccaRoss;4,07;228,942 ;34,152 ;432;2023-12-26;2023;Fantasy
Zero Days;Ruth Ware;3,65;91,016 ;9,380 ;356;2023-06-20;2023;Thriller
Linghun;Ai Jiang;3,97;1,782 ;506 ;178;2023-04-04;2023;Horror
Hopeless;Elsie Silver;4,14;154,303 ;16,619 ;486;2023-10-13;2023;Romance
The Fragile Threads of Power;Victoria Schwab;4,31;29,386 ;5,460 ;22;2023-09-26;2023;Fantasy
Rouge;Mona Awad;3,57;25,601 ;6,404 ;383;2023-09-12;2023;Horror
Translation State;Ann Leckie;4,1;10,999 ;1,520 ;422;2023-06-06;2023;Science Fiction
The Spirit Bares Its Teeth;Andrew Joseph White;4,53;8,141 ;2,323 ;384;2023-09-05;2023;Horror
Vampires of El Norte;Isabel Cañas;3,9;24,625 ;5,019 ;371;2023-08-15;2023;Horror
Collateral Damage;J.A. Jance;4,28;4,716 ;375 ;320;2023-03-14;2023;Mystery
Symphony of Secrets;Brendan Slocumb;4,27;13,183 ;2,068 ;448;2023-04-18;2023;Fiction
The Secret Book of Flora Lea;Patti Callahan Henry;4,07;55,632 ;6,817 ;355;2023-05-02;2023;Historical Fiction
Miss Newbury's List;Megan Walker;4,08;3,740 ;891 ;368;2023-02-07;2023;Romance
I Keep My Exoskeletons to Myself;Marisa Crane;3,94;5,847 ;1,140 ;352;2023-01-17;2023;Science Fiction
A Fever in the Heartland: The Ku Klux Klan's Plot to Take Over America, and the Woman Who Stopped Them;Timothy Egan;4,39;29,085 ;4,541 ;432;2023-04-04;2023;Nonfiction
The Last Word;Taylor Adams;3,72;60,483 ;11,147 ;340;2023-04-25;2023;Thriller
Pageboy;Elliot Page;3,75;60,490 ;9,232 ;271;2023-06-06;2023;Nonfiction
The Sunlit Man;Brandon Sanderson;4,34;37,589 ;4,007 ;385;2023-10-01;2023;Fantasy
The Long Game;Elena Armas;3,59;67,441 ;9,551 ;373;2023-09-05;2023;Romance
Horses of Fire;A.D. Rhine;4,12;671 ;137 ;560;2023-07-18;2023;Mythology
A Kingdom of Venom and Vows;Holly Renee;3,53;20,184 ;1,901 ;314;2023-03-23;2023;Fantasy
Twin Truths;Jacqueline Sutherland;4,12;129 ;37 ;304;2023-03-16;2023;Thriller
Untethered Sky;Fonda Lee;3,9;8,741 ;2,033 ;150;2023-04-11;2023;Fantasy
Natural Beauty;Ling Ling Huang;3,8;12,685 ;2,704 ;272;2023-04-04;2023;Horror
Dark Woods, Deep Water;Jelena Dunato;3,86;260 ;124 ;321;2023-09-19;2023;Fantasy
The Bee Sting;Paul Murray;3,96;53,646 ;7,350 ;656;2023-06-08;2023;Fiction
Light Bringer;Pierce Brown;4,75;44,147 ;4,740 ;682;2023-07-25;2023;Science Fiction
Meet Your Match;Kandi Steiner;3,98;21,157 ;2,463 ;368;2023-07-07;2023;Sports Romance
The Temporary Wife;Catharina Maura;4,05;49,895 ;3,991 ;384;2023-02-03;2023;Romance
Critical Threat;Lynette Eason;4,45;2,712 ;376 ;304;2023-01-03;2023;Christian Fiction
Bright Young Women;Jessica Knoll;4,02;121,562 ;15,443 ;384;2023-09-19;2023;Thriller
Unnatural Death;Patricia Cornwell;4;13,112 ;908 ;432;2023-11-23;2023;Mystery
The Blue Bar;Damyanti Biswas;3,72;4,335 ;533 ;395;2023-01-01;2023;Thriller
You Must Remember This;Kat Rosenfield;3,49;3,880 ;569 ;320;2023-01-10;2023;Mystery
The Last Lifeboat;Hazel Gaynor;4,33;6,067 ;865 ;416;2023-06-13;2023;Historical Fiction
King: A Life;Jonathan Eig;4,67;7,128 ;1,196 ;688;2023-05-16;2023;Biography
Biography of X;Catherine Lacey;3,86;9,910 ;2,021 ;416;2023-03-21;2023;Fiction
Sleep No More;Jayne Ann Krentz;3,92;6,499 ;655 ;332;2023-01-03;2023;Romance
Crook Manifesto;Colson Whitehead;3,88;15,238 ;1,957 ;336;2023-07-18;2023;Fiction
Godkiller;Hannah Kaner;3,91;33,804 ;6,687 ;304;2023-01-19;2023;Fantasy
Identity;Nora Roberts;4,33;52,886 ;4,535 ;437;2023-05-23;2023;Romance
The Rose and the Thistle;Laura Frantz;4,18;2,227 ;619 ;416;2023-01-01;2023;Historical Fiction
Outlive: The Science and Art of Longevity;Peter Attia;4,37;55,194 ;4,997 ;496;2023-03-28;2023;Health
Make a Wish;Helena Hunting;3,71;7,763 ;1,182 ;368;2023-01-24;2023;Romance
Return to Satterthwaite Court;Mimi Matthews;4,15;1,853 ;411 ;285;2023-04-11;2023;Romance
Hijab Butch Blues;Lamya H.;4,49;10,941 ;2,040 ;284;2023-02-07;2023;Memoir
Six Scorched Roses;Carissa Broadbent;4,26;74,303 ;9,462 ;187;2023-03-21;2023;Fantasy
The Survivalists;Kashana Cauley;2,95;3,800 ;600 ;288;2023-01-10;2023;Fiction
The Housemaid's Secret;Freida McFadden;4,25;678,588 ;47,179 ;318;2023-02-15;2023;Thriller
The Running Grave;Robert Galbraith;4,61;77,529 ;7,056 ;960;2023-09-26;2023;Mystery
Crossed;Emily McIntire;3,74;39,240 ;4,533 ;418;2023-08-01;2023;Romance
The Longmire Defense;Craig Johnson;4,57;8,175 ;709 ;368;2023-09-05;2023;Mystery
How Can I Help You;Laura Sims;3,43;11,529 ;2,242 ;256;2023-07-18;2023;Thriller
Pomegranate;Helen Elaine Lee;4,04;2,682 ;383 ;352;2023-04-11;2023;Fiction
A Ship of Bones & Teeth;Karina Halle;3,82;14,100 ;2,212 ;442;2023-05-25;2023;Fantasy
Absolution;Alice McDermott;3,82;17,933 ;2,212 ;324;2023-10-31;2023;Historical Fiction
The Brothers Hawthorne;Jennifer Lynn Barnes;3,95;89,691 ;11,254 ;480;2023-08-29;2023;Mystery
Twisted;Emily McIntire;3,88;70,947 ;7,207 ;366;2023-02-07;2023;Romance
The Forbidden Wolf King;Leia Stone;4,16;6,325 ;424 ;319;2023-07-29;2023;Fantasy
Agent Gatz: A Great Gatsby Prequel;R.M. Spencer;4,12;104 ;42 ;330;2023-09-12;2023;Mystery
The Creative Act: A Way of Being;Rick Rubin;4,05;40,369 ;4,581 ;406;2023-01-17;2023;Nonfiction
Looking Glass Sound;Catriona Ward;3,49;11,804 ;2,854 ;352;2023-08-08;2023;Horror
On the Savage Side;TiffanyMcDaniel;4,06;6,600 ;1,643 ;464;2023-02-14;2023;Fiction
The Jasad Heir;Sara Hashem;3,97;14,840 ;3,063 ;523;2023-07-18;2023;Fantasy
Lore Olympus: Volume Five;Rachel Smythe;4,47;20,733 ;1,602 ;400;2023-10-03;2023;Graphic Novels
Camp Damascus;Chuck Tingle;3,95;13,288 ;2,918 ;250;2023-07-18;2023;Horror
The Wonder Paradox: Embracing the Weirdness of Existence and the Poetry of Our Lives;Jennifer Michael Hecht;4,01;140 ;32 ;368;2023-03-07;2023;Poetry
Blood of My Monster;Rina Kent;4,19;34,834 ;3,545 ;340;2023-01-26;2023;Romance
Bookshops & Bonedust;Travis Baldree;4,21;57,581 ;10,501 ;352;2023-11-07;2023;Fantasy
Payback in Death;J.D. Robb;4,48;20,942 ;1,401 ;368;2023-09-05;2023;Mystery
White Cat, Black Dog: Stories;Kelly Link;3,85;5,610 ;1,172 ;272;2023-03-28;2023;Short Stories
Encore in Death;J.D. Robb;4,41;22,195 ;1,569 ;375;2023-02-07;2023;Mystery
Fancy Bear Goes Phishing: The Dark History of the Information Age, in Five Extraordinary Hacks;Scott J. Shapiro;3,97;1,296 ;172 ;420;2023-05-23;2023;Nonfiction
Baking Yesteryear: The Best Recipes from the 1900s to the 1980s;B. Dylan Hollis;4,48;2,699 ;346 ;256;2023-07-25;2023;Cookbooks
Defiant;Brandon Sanderson;4,34;23,797 ;2,697 ;420;2023-11-21;2023;Science Fiction
Victory City;Salman Rushdie;3,8;11,431 ;1,630 ;336;2023-02-07;2023;Fantasy
Powerless;Lauren Roberts;4,24;310,487 ;57,372 ;523;2023-01-31;2023;Fantasy
Runaway Love;Melanie Harlow;4,11;34,875 ;3,384 ;402;2023-05-04;2023;Romance
Camp Zero;Michelle Min Sterling;3,21;18,108 ;2,788 ;304;2023-03-30;2023;Science Fiction
The Last Heir to Blackwood Library;Hester Fox;3,36;12,425 ;1,637 ;320;2023-04-04;2023;Historical Fiction
The Benevolent Society of Ill-Mannered Ladies;Alison Goodman;4,18;11,186 ;1,794 ;464;2023-05-30;2023;Historical Fiction
The Invisible Hour;Alice Hoffman;3,61;33,204 ;4,908 ;272;2023-08-15;2023;Fiction
The September House;Carissa Orlando;3,92;35,916 ;6,113 ;344;2023-09-05;2023;Horror
After That Night;Karin Slaughter;4,28;48,081 ;4,014 ;432;2023-06-22;2023;Thriller
Dust Child;Nguyễn Phan Quế Mai;4,24;11,654 ;1,592 ;352;2023-03-14;2023;Historical Fiction
Caught Up;Liz Tomforde;4,45;147,314 ;17,074 ;393;2023-10-10;2023;Romance
Wandering Souls;Cecile Pin;4,15;11,769 ;1,524 ;240;2023-03-21;2023;Historical Fiction
Seven Faceless Saints;M.K. Lobb;3,5;5,769 ;1,429 ;400;2023-02-07;2023;Fantasy
The Graham Effect;Elle Kennedy;4,21;137,883 ;14,846 ;498;2023-10-31;2023;Romance
The Secret;Lee Child;4,09;43,326 ;2,236 ;292;2023-10-24;2023;Thriller
Two Twisted Crowns;Rachel Gillig;4,45;149,213 ;22,386 ;437;2023-10-17;2023;Fantasy
Monsters: A Fan's Dilemma;Claire Dederer;3,8;11,752 ;2,110 ;257;2023-04-25;2023;Nonfiction
Beyond That, the Sea;Laura Spence-Ash;4,24;38,723 ;3,883 ;351;2023-03-21;2023;Historical Fiction
Elon Musk;Walter Isaacson;4,4;44,622 ;4,163 ;688;2023-09-12;2023;Biography
The Art Thief: A True Story of Love, Crime, and a Dangerous Obsession;Michael Finkel;3,97;36,825 ;4,600 ;224;2023-06-22;2023;Nonfiction
No Two Persons;Erica Bauermeister;4,09;20,996 ;3,968 ;301;2023-05-02;2023;Fiction
The Golden Doves;Martha Hall Kelly;4,19;14,192 ;1,744 ;704;2023-04-18;2023;Historical Fiction
Orphia and Eurydicius;Elyse John;3,56;820 ;205 ;400;2023-05-01;2023;Mythology
Death of a Bookseller;AliceSlater;3,49;10,999 ;1,997 ;384;2023-04-25;2023;Thriller
Couplets;Maggie Millner;3,77;3,440 ;661 ;128;2023-02-07;2023;Poetry
The Road to Roswell;Connie Willis;3,74;5,864 ;1,363 ;399;2023-06-27;2023;Science Fiction
Yours for the Taking;Gabrielle Korn;3,67;2,509 ;669 ;336;2023-12-05;2023;Science Fiction
Something is Killing the Children, Vol. 6;James Tynion IV;4,29;2,610 ;239 ;144;2023-06-14;2023;Horror
Imogen, Obviously;Becky Albertalli;4,24;21,800 ;4,943 ;432;2023-05-02;2023;Romance
Things We Hide from the Light;Lucy Score;4,06;385,101 ;26,492 ;594;2023-02-21;2023;Romance
The London Séance Society;Sarah Penner;3,48;53,237 ;6,598 ;352;2023-03-07;2023;Historical Fiction
A Nobleman's Guide to Seducing a Scoundrel;K.J. Charles;4,26;5,338 ;1,090 ;336;2023-09-19;2023;Romance
The Half Moon;Mary Beth Keane;3,4;24,737 ;3,175 ;304;2023-05-02;2023;Fiction
The Serial Killer’s Sister;Alice Hunter;4,04;2,376 ;269 ;348;2023-05-01;2023;Thriller
All That Is Mine I Carry with Me;William Landay;3,85;15,710 ;2,329 ;320;2023-03-07;2023;Mystery
Against the Wind;Amanda Cabot;4,23;486 ;158 ;368;2023-10-01;2023;Historical Fiction
The Last Remains;Elly Griffiths;4,41;18,160 ;1,676 ;361;2023-02-02;2023;Mystery
The King's Shadow;K.M. Shea;4,35;9,810 ;548 ;362;2023-01-13;2023;Fantasy
Mammoths at the Gates;Nghi Vo;4,24;5,023 ;1,034 ;123;2023-09-12;2023;Fantasy
A Most Agreeable Murder;Julia Seales;3,68;19,078 ;3,229 ;352;2023-06-27;2023;Mystery
Wilder at Last;Serena Bell;3,98;828 ;236 ;318;2023-02-07;2023;Romance
A Haunting on the Hill;Elizabeth Hand;3,35;7,196 ;1,399 ;326;2023-10-03;2023;Horror
The Wake-Up Call;Beth O'Leary;3,58;32,514 ;4,220 ;356;2023-09-26;2023;Romance
Hags: The Demonisation of Middle-Aged Women;Victoria Smith;3,7;596 ;96 ;368;2023-03-02;2023;Nonfiction
Independence;Chitra Banerjee Divakaruni;4,11;9,051 ;1,252 ;288;2023-01-17;2023;Historical Fiction
Woke Up Like This;Amy Lea;4,03;20,160 ;2,407 ;273;2023-09-05;2023;Romance
Lace Vengeance;Eve Dangerfield;4,18;485 ;110 ;336;2023-05-09;2023;Reverse Harem
Four Found Dead;Natalie D. Richards;3,46;6,834 ;1,140 ;321;2023-05-23;2023;Thriller
Les Petites Morts: An Anthology of Dark Fairy Tales and Folklore;Evelyn Freeling;3,59;41 ;13 ;198;2023-06-01;2023;Horror
Right Man, Right Time;Meghan Quinn;4,11;79,050 ;5,397 ;467;2023-03-07;2023;Romance
Murtagh;Christopher Paolini;4,18;26,413 ;3,427 ;688;2023-11-07;2023;Fantasy
The Cabinet of Dr. Leng;Douglas Preston;4,28;13,259 ;1,486 ;400;2023-01-17;2023;Mystery
Nero;S.J. Tilly;3,88;51,512 ;4,585 ;368;2023-03-16;2023;Romance
Teen Titans: Robin;Kami Garcia;4,1;4,816 ;697 ;196;2023-03-07;2023;Graphic Novels
Penance;Eliza Clark;3,91;21,703 ;4,066 ;336;2023-07-04;2023;Fiction
The Princess and the Grilled Cheese Sandwich;Deya Muniz;4,4;15,387 ;3,859 ;256;2023-05-09;2023;Graphic Novels
The Maid's Diary;Loreth Anne White;4,24;78,741 ;5,865 ;369;2023-03-01;2023;Thriller
Dear Medusa;Olivia A. Cole;4,31;2,559 ;693 ;384;2023-03-14;2023;Poetry
King of Greed;Ana Huang;3,9;162,446 ;18,416 ;352;2023-10-24;2023;Romance
Judgment Prey;John Sandford;4,37;22,701 ;1,169 ;395;2023-10-03;2023;Mystery
The Mitford Affair;Marie Benedict;3,7;14,287 ;1,662 ;352;2023-01-17;2023;Historical Fiction
Liar, Dreamer, Thief;Maria Dong;3,59;2,540 ;596 ;325;2023-01-10;2023;Mystery
The Making of Another Major Motion Picture Masterpiece;Tom Hanks;3,7;14,922 ;2,735 ;448;2023-05-09;2023;Fiction
In Limbo;Deb J.J. Lee;4,18;4,217 ;854 ;348;2023-03-07;2023;Graphic Novels
A Realm of Ash and Shadow;Lara Buckheit;3,73;337 ;245 ;390;2023-04-11;2023;Fantasy
A Killing of Innocents;Deborah Crombie;4,25;5,438 ;570 ;368;2023-02-07;2023;Mystery
Beauty So Golden;Lilith Vincent;3,84;867 ;165 ;223;2023-01-27;2023;Reverse Harem
Seven Percent of Ro Devereux;Ellen O'Clover;3,86;2,677 ;809 ;320;2023-01-17;2023;Romance
The Ruthless Fae King;Leia Stone;4,17;7,654 ;482 ;342;2023-04-29;2023;Fantasy
The Mysterious Case of the Alperton Angels;Janice Hallett;3,97;18,755 ;3,208 ;528;2023-09-14;2023;Mystery
Dom;S.J. Tilly;4,3;33,730 ;3,220 ;472;2023-09-21;2023;Romance
Something is Killing the Children #28;James Tynion IV;4,31;255 ;22 ;25;2023-01-11;2023;Comics
How Not to Date a Demon;Lana Kole;3,58;1,739 ;298 ;163;2023-01-07;2023;Romance
Burn Butterfly Burn;Reese Rivers;4,18;13,735 ;1,018 ;396;2023-01-30;2023;Reverse Harem
The Home for Wayward Girls;Marcia Bradley;3,49;950 ;166 ;288;2023-04-04;2023;Fiction
Slaying the Vampire Conqueror;Carissa Broadbent;4,1;21,329 ;2,945 ;452;2023-04-27;2023;Fantasy
Her Father's Daughter;T.M. Dunn;3,71;383 ;207 ;272;2023-07-18;2023;Thriller
Those We Thought We Knew;DavidJoy;4,31;2,382 ;435 ;400;2023-08-01;2023;Fiction
Shy;Max Porter;3,64;7,010 ;913 ;136;2023-04-06;2023;Fiction
Strong Female Character;Fern Brady;4,49;24,086 ;2,766 ;288;2023-02-14;2023;Nonfiction
Bad Cree;Jessica Johns;3,92;12,813 ;2,146 ;259;2023-01-10;2023;Horror
The Heat Will Kill You First: Life and Death on a Scorched Planet;Jeff Goodell;4,32;5,701 ;880 ;400;2023-07-11;2023;Nonfiction
Dark Angel;John Sandford;4,22;21,505 ;1,243 ;416;2023-04-11;2023;Mystery
Hockey With Benefits;Tijan;4,07;8,929 ;1,014 ;446;2023-03-07;2023;Sports Romance
How to Think Like a Woman: Four Women Philosophers Who Taught Me How to Love the Life of the Mind;Regan Penaluna;3,94;1,038 ;255 ;9;2023-03-14;2023;Nonfiction
Ordinary Notes;Christina Sharpe;4,55;1,155 ;216 ;392;2023-04-25;2023;Nonfiction
This Bird Has Flown;Susanna Hoffs;3,17;7,690 ;1,175 ;368;2023-04-04;2023;Romance
The Davenports;Krystal Marquis;3,66;11,326 ;2,375 ;384;2023-01-31;2023;Historical Fiction
Murder Book;Thomas Perry;3,88;3,422 ;410 ;420;2023-01-17;2023;Mystery
Backpacking Through Bedlam;Seanan McGuire;4,27;2,050 ;228 ;352;2023-03-07;2023;Urban Fantasy
The Bride Wore White;Amanda Quick;4,17;4,023 ;364 ;320;2023-05-02;2023;Romance
A Shadow in Moscow;Katherine Reay;4,35;3,105 ;666 ;384;2023-06-13;2023;Historical Fiction
Grim and Bear It;Juliette Cross;4,18;7,563 ;942 ;368;2023-05-09;2023;Romance
The Reunion;Kayla Olson;3,5;12,809 ;2,036 ;313;2023-01-17;2023;Romance
Cookies for My Orc Neighbor;Michele Mills;3,77;4,493 ;469 ;84;2023-02-06;2023;Romance
Doppelganger: A Trip Into the Mirror World;Naomi Klein;4,23;15,546 ;2,524 ;416;2023-09-12;2023;Nonfiction
The Shadow of Perseus;Claire Heywood;3,65;4,445 ;929 ;304;2023-02-21;2023;Mythology
On Our Best Behavior: The Seven Deadly Sins and the Price Women Pay to Be Good;Elise Loehnen;3,81;7,000 ;995 ;384;2023-05-23;2023;Nonfiction
Chlorine;Jade Song;3,73;10,615 ;2,693 ;256;2023-03-28;2023;Horror
Code Name Sapphire;Pam Jenoff;3,87;17,340 ;1,522 ;368;2023-02-07;2023;Historical Fiction
Dirty Thirty;Janet Evanovich;4,24;39,460 ;3,247 ;336;2023-10-31;2023;Mystery
The Honeymoon Crashers;Christina Lauren;3,59;42,734 ;5,612 ;5;2023-08-01;2023;Romance
Red Team Blues;Cory Doctorow;3,9;3,500 ;478 ;213;2023-04-25;2023;Fiction
Sing Her Down;Ivy Pochoda;3,25;1,625 ;428 ;288;2023-05-23;2023;Thriller
The Quiet Tenant;Clémence Michallon;3,85;88,956 ;11,231 ;303;2023-06-20;2023;Thriller
Cursed Bread;Sophie Mackintosh;3,28;6,932 ;1,371 ;184;2023-03-02;2023;Historical Fiction
How I Won a Nobel Prize;Julius Taranto;3,55;981 ;193 ;304;2023-09-12;2023;Fiction
Sisters of the Lost Nation;Nick Medina;3,88;6,883 ;1,154 ;352;2023-04-18;2023;Horror
Mother-Daughter Murder Night;Nina Simon;3,58;71,139 ;6,413 ;352;2023-09-05;2023;Mystery
Counterfeit Hope;Crystal Caudill;4,52;174 ;73 ;328;2023-02-14;2023;Historical Fiction
Pucking Wild;Emily Rath;4,21;35,149 ;2,936 ;603;2023-08-21;2023;Romance
In Memoriam;Alice Winn;4,53;33,427 ;5,842 ;382;2023-03-07;2023;Historical Fiction
The Choice;Ashley Jade;4,36;9,874 ;1,325 ;370;2023-01-19;2023;Romance
Western Lane;Chetna Maroo;3,51;7,829 ;1,222 ;160;2023-02-07;2023;Fiction
The Bone Hacker;Kathy Reichs;4,06;10,420 ;911 ;336;2023-08-02;2023;Mystery
The Things We Do To Our Friends;Heather Darwent;3,2;6,564 ;1,470 ;336;2023-01-10;2023;Thriller
Sleep No More;Seanan McGuire;4,36;3,144 ;342 ;368;2023-09-05;2023;Fantasy
Beware the Woman;Megan Abbott;3,29;13,073 ;1,821 ;320;2023-05-30;2023;Thriller
The Night Eaters, Vol. 2: Her Little Reapers;Marjorie M. Liu;4,35;1,024 ;142 ;272;2023-10-03;2023;Graphic Novels
An Evil Heart;Linda Castillo;4,25;12,029 ;1,309 ;320;2023-07-11;2023;Mystery
Y/N;Esther Yi;2,96;6,425 ;2,111 ;204;2023-03-21;2023;Fiction
Fangirl, Vol. 3: The Manga;Rainbow Rowell;4,42;3,945 ;551 ;224;2023-08-08;2023;Manga
Superbia;Colette Rhodes;4,12;3,630 ;365 ;265;2023-03-01;2023;Fantasy
With My Little Eye;Joshilyn Jackson;3,32;6,695 ;1,275 ;336;2023-04-25;2023;Thriller
The Brightest Star: A Historical Novel Based on the True Story of Anna May Wong;Gail Tsukiyama;3,48;1,141 ;236 ;335;2023-06-20;2023;Historical Fiction
Silk Malice;Eve Dangerfield;4,03;696 ;182 ;324;2023-01-31;2023;Reverse Harem
Meet Me at the Lake;Carley Fortune;3,7;241,591 ;22,574 ;336;2023-05-02;2023;Romance
Old God's Time;Sebastian Barry;3,86;13,212 ;2,135 ;261;2023-02-28;2023;Fiction
In Charm's Way;Lana Harper;3,55;4,381 ;616 ;304;2023-08-22;2023;Romance
The Gentleman's Gambit;Evie Dunmore;3,67;12,764 ;2,039 ;432;2023-12-05;2023;Romance
The Fraud;Zadie Smith;3,31;22,286 ;3,303 ;464;2023-09-05;2023;Historical Fiction
The Berry Pickers;AmandaPeters;4,14;90,235 ;9,483 ;320;2023-04-04;2023;Fiction
Legacy;Sheridan Anne;4,45;1,702 ;273 ;332;2023-03-14;2023;Reverse Harem
Spice Road;Maiya Ibrahim;3,71;4,890 ;1,326 ;464;2023-01-24;2023;Fantasy
Forgery;Tate James;4,27;2,860 ;214 ;284;2023-06-01;2023;Romance
August Blue;Deborah Levy;3,68;6,439 ;1,015 ;208;2023-05-04;2023;Fiction
Rubi Ramos's Recipe for Success;Jessica Parra;3,78;732 ;324 ;320;2023-05-16;2023;Romance
Phaedra;Laura Shepperson;3,32;3,619 ;768 ;400;2023-01-10;2023;Mythology
Murder at Haven's Rock;Kelley Armstrong;4,11;6,686 ;987 ;352;2023-02-21;2023;Mystery
The Backup Plan;Jill Shalvis;4,04;5,743 ;802 ;384;2023-01-17;2023;Romance
The Celebrants;Steven Rowley;3,64;43,190 ;5,724 ;336;2023-05-30;2023;Fiction
Brainwyrms;Alison Rumfitt;3,67;2,587 ;886 ;304;2023-10-05;2023;Horror
The Salt Grows Heavy;Cassandra Khaw;3,6;16,978 ;4,153 ;106;2023-05-02;2023;Horror
Huda F Cares?;Huda Fahmy;4,21;2,918 ;454 ;208;2023-10-10;2023;Graphic Novels
House of Odysseus;Claire North;4,2;2,298 ;461 ;432;2023-08-22;2023;Mythology
Play for Me;Libby Hubscher;3,69;1,997 ;396 ;368;2023-06-20;2023;Romance
Blood Over Bright Haven;M.L. Wang;4,46;6,353 ;1,622 ;527;2023-07-25;2023;Fantasy
Gator Country: Deception, Danger, and Alligators in the Everglades;Rebecca Renner;3,81;1,867 ;315 ;288;2023-11-14;2023;Nonfiction
The Husband Hoax;Saxon James;4,05;7,708 ;912 ;284;2023-02-09;2023;M M Romance
Murder at the Willows;Jane A. Adams;4,47;1,191 ;66 ;305;2023-02-15;2023;Cozy Mystery
The Angel Maker;Alex North;3,45;11,867 ;2,692 ;336;2023-02-28;2023;Thriller
Betting on You;Lynn Painter;4,1;62,753 ;11,893 ;432;2023-11-28;2023;Romance
My Father's House;Joseph O'Connor;4,05;6,529 ;799 ;276;2023-01-26;2023;Historical Fiction
The Deep Sky;Yume Kitasei;3,71;7,379 ;1,451 ;399;2023-07-18;2023;Science Fiction
The Valkyrie;Kate Heartfield;3,45;848 ;190 ;314;2023-01-01;2023;Fantasy
Titanium Noir;Nick Harkaway;4,03;6,466 ;899 ;236;2023-05-16;2023;Science Fiction
Hunted;Skye Melki-Wegner;3,93;288 ;100 ;285;2023-04-04;2023;Middle Grade
The Malevolent Seven;Sebastien de Castell;4,03;4,186 ;591 ;384;2023-05-11;2023;Fantasy
Heart of My Monster;Rina Kent;4,24;29,585 ;3,072 ;322;2023-04-06;2023;Romance
Mastering the Art of French Murder;Colleen Cambridge;3,64;7,836 ;1,380 ;304;2023-04-25;2023;Mystery
The Sweet Spot;Amy Poeppel;3,92;12,536 ;1,840 ;400;2023-01-31;2023;Fiction
Coercion;Amelia Wilde;4,34;905 ;198 ;230;2023-01-10;2023;Romance
Good for a Girl: A Woman Running in a Man's World;Lauren Fleshman;4,47;13,682 ;1,718 ;288;2023-01-10;2023;Nonfiction
The Disappeared: Stories;Andrew Porter;4,3;558 ;112 ;240;2023-04-11;2023;Short Stories
In the Likely Event;Rebecca Yarros;4,22;115,857 ;9,794 ;348;2023-08-01;2023;Romance
The Nanny;Lana Ferguson;3,57;89,679 ;11,870 ;432;2023-04-11;2023;Romance
Unlikeable Female Characters: The Women Pop Culture Wants You to Hate;Anna Bogutskaya;3,72;2,226 ;463 ;340;2023-05-09;2023;Nonfiction
This Time It's Real;Ann Liang;4,02;17,061 ;4,278 ;352;2023-02-07;2023;Romance
The Book That Wouldn’t Burn;Mark Lawrence;4,06;20,601 ;3,601 ;559;2023-05-01;2023;Fantasy
Cassandra in Reverse;Holly Smale;3,56;41,835 ;4,521 ;362;2023-06-06;2023;Fiction
Last Violent Call;Chloe Gong;4,25;10,328 ;2,221 ;240;2023-02-28;2023;Fantasy
Did I Ever Tell You This?;Sam Neill;4,07;4,593 ;539 ;398;2023-03-21;2023;Nonfiction
Begin Again;Emma Lord;3,72;11,009 ;2,615 ;352;2023-01-24;2023;Romance
The Hurricane Wars;Thea Guanzon;3,66;22,087 ;5,317 ;472;2023-10-03;2023;Fantasy
Role Playing;Cathy Yardley;3,94;12,038 ;1,963 ;331;2023-07-01;2023;Romance
On the Meaning of Sex: Thoughts about the New Definition of Woman;Kajsa Ekis Ekman;4,32;34 ;3 ;380;2023-02-07;2023;Feminism
The Marriage Act;John Marrs;3,82;21,541 ;3,037 ;497;2023-01-19;2023;Thriller
A Chateau Under Siege;Martin Walker;4,1;3,785 ;308 ;320;2023-06-08;2023;Mystery
The Lost Bookshop;Evie Woods;4,09;113,090 ;9,954 ;448;2023-06-22;2023;Fantasy
A Shining;Jon Fosse;3,5;6,814 ;1,274 ;56;2023-01-01;2023;Fiction
Liars Like Us;J.T. Geissinger;4,02;21,433 ;2,657 ;354;2023-05-25;2023;Romance
House of Roots and Ruin;Erin A. Craig;4,15;11,971 ;2,492 ;544;2023-07-25;2023;Fantasy
My Dark Romeo;Parker S. Huntington;3,79;79,554 ;9,237 ;366;2023-03-01;2023;Romance
The Temple of Fortuna;Elodie Harper;4,39;6,859 ;977 ;384;2023-11-23;2023;Historical Fiction
A Witch's Guide to Fake Dating a Demon;Sarah Hawley;3,66;31,539 ;5,226 ;367;2023-03-07;2023;Romance
The Book Spy;Alan Hlad;4,18;4,997 ;700 ;408;2023-01-24;2023;Historical Fiction
The Cursed;Harper L. Woods;3,69;14,784 ;1,778 ;324;2023-09-07;2023;Fantasy
Those Empty Eyes;Charlie Donlea;4,2;34,914 ;2,967 ;368;2023-03-28;2023;Thriller
Mother Tongue: The Surprising History of Women's Words;Jenni Nuttall;3,83;689 ;110 ;292;2023-08-29;2023;Nonfiction
The Sacrifice;Shantel Tessier;4,3;69,246 ;5,304 ;644;2023-04-06;2023;Dark
Lassiter;J.R. Ward;4,23;8,192 ;1,014 ;468;2023-04-11;2023;Paranormal
The Exchange;John Grisham;3,7;74,500 ;6,052 ;338;2023-10-17;2023;Fiction
Is It Hot in Here? Or Am I Suffering for All Eternity for the Sins I Committed on Earth?;Zach Zimmerman;3,63;1,994 ;322 ;148;2023-04-18;2023;Nonfiction
Deep as the Sky, Red as the Sea;Rita Chang-Eppig;3,49;4,170 ;839 ;281;2023-05-30;2023;Historical Fiction
Woven by Gold;Elizabeth Helen;4,11;24,745 ;2,096 ;580;2023-06-13;2023;Fantasy
Carnage;Shantel Tessier;4,31;40,278 ;4,052 ;628;2023-10-30;2023;Dark
The Stars Are Dying;C.C. Peñaranda;3,51;9,091 ;1,756 ;566;2023-07-10;2023;Fantasy
West Side Honey;Claire Christian;3,76;517 ;75 ;336;2023-04-04;2023;Romance
Cuddy;Benjamin Myers;4,33;1,482 ;298 ;447;2023-03-16;2023;Historical Fiction
Unravel Me;Becka Mack;4,27;57,540 ;5,585 ;436;2023-08-01;2023;Sports Romance
Lucky Red;Claudia Cravens;3,92;4,171 ;809 ;304;2023-06-20;2023;Historical Fiction
She Is a Haunting;Trang Thanh Tran;3,39;7,938 ;1,810 ;352;2023-02-28;2023;Horror
Tempt Our Fate;Kat Singleton;4,16;10,989 ;1,781 ;396;2023-09-21;2023;Romance
Wellness;Nathan Hill;4;45,853 ;6,489 ;611;2023-09-26;2023;Fiction
All in a Days Orc;Dani Wyatt;3,9;335 ;36 ;88;2023-01-17;2023;Fantasy
Rule of the Aurora King;Nisha J. Tuli;4,01;27,620 ;2,828 ;505;2023-04-06;2023;Fantasy
The Sinister Booksellers of Bath;Garth Nix;4,05;5,657 ;685 ;416;2023-03-21;2023;Fantasy
The Coven;Harper L. Woods;3,85;34,797 ;4,652 ;298;2023-03-01;2023;Fantasy
Jasper Vale;Devney Perry;4,14;46,993 ;4,945 ;352;2023-01-31;2023;Romance
Small Worlds;Caleb Azumah Nelson;4,32;6,512 ;1,382 ;260;2023-04-28;2023;Fiction
Chick Magnet;Emma Barry;3,85;1,474 ;339 ;301;2023-01-24;2023;Romance
Madame;Sara Cate;4,2;21,195 ;2,546 ;492;2023-10-12;2023;Romance
The Crane Husband;Kelly Barnhill;3,88;6,666 ;1,371 ;118;2023-02-28;2023;Fantasy
Playing by the Rules;Monica Murphy;3,85;9,567 ;983 ;452;2023-03-30;2023;Sports Romance
Bitter Medicine;Mia Tsai;3,7;1,825 ;539 ;325;2023-03-14;2023;Fantasy
Highest Bidder;Sara Cate;4,04;41,381 ;4,617 ;336;2023-03-24;2023;Romance
The Five-Star Weekend;Elin Hilderbrand;4,05;206,306 ;14,514 ;400;2023-06-13;2023;Fiction
We Could Be So Good;Cat Sebastian;4,29;11,188 ;2,431 ;384;2023-06-06;2023;Romance
Our Ride to Forever;Julie Olivia;4,11;3,585 ;534 ;339;2023-02-09;2023;Romance
The Queen’s Price;Anne Bishop;4,39;2,057 ;214 ;528;2023-03-07;2023;Fantasy
The Earth Transformed: An Untold History;Peter Frankopan;3,93;1,483 ;244 ;736;2023-03-02;2023;History
The Deluge;Stephen Markley;4,22;3,965 ;917 ;896;2023-01-10;2023;Fiction
The Wonder State;Sara Flannery Murphy;4,04;756 ;179 ;375;2023-07-18;2023;Fantasy
Business or Pleasure;Rachel Lynn Solomon;3,77;27,143 ;4,647 ;352;2023-07-04;2023;Romance
Before the Sunset;Laura Pavlov;4,23;17,058 ;1,527 ;312;2023-09-21;2023;Romance
Simply Lies;David Baldacci;3,98;45,103 ;2,417 ;432;2023-04-18;2023;Mystery
Saga, Volume 11;Brian K. Vaughan;4,26;6,318 ;697 ;153;2023-11-29;2023;Graphic Novels
Paris: The Memoir;Paris Hilton;4,22;62,916 ;7,964 ;336;2023-03-14;2023;Nonfiction
Empty Theatre: or, The Lives of King Ludwig II of Bavaria and Empress Sisi of Austria (Queen of Hungary), Cousins, in Their Pursuit of Connection and Beauty...;Jac Jemc;3,9;1,169 ;230 ;464;2023-02-21;2023;Historical Fiction
American Mermaid;Julia Langbein;3,23;3,548 ;792 ;336;2023-03-21;2023;Fantasy
Study for Obedience;Sarah Bernstein;3,06;9,080 ;1,744 ;208;2023-07-06;2023;Fiction
Fate of a Royal;Meagan Brandy;3,78;9,753 ;1,260 ;320;2023-07-07;2023;Fantasy
You Shouldn't Have Come Here;Jeneva Rose;3,34;146,908 ;18,287 ;292;2023-04-25;2023;Thriller
Monstrilio;Gerardo Sámano Córdova;4,15;14,352 ;3,127 ;336;2023-03-07;2023;Horror
Never Whistle at Night: An Indigenous Dark Fiction Anthology;Shane Hawk;3,99;11,158 ;1,948 ;408;2023-09-19;2023;Horror
Becoming Free Indeed: My Story of Disentangling Faith from Fear;Jinger Duggar Vuolo;3,6;41,588 ;4,479 ;221;2023-01-31;2023;Nonfiction
Leslie F*cking Jones;Leslie Jones;4,12;11,647 ;2,279 ;288;2023-09-19;2023;Memoir
Reign;Katharine McGee;3,91;24,651 ;2,588 ;415;2023-08-29;2023;Young Adult
The Midnight News;Jo Baker;3,7;1,335 ;245 ;322;2023-03-28;2023;Historical Fiction
In Ascension;Martin MacInnes;3,8;7,355 ;1,247 ;512;2023-04-03;2023;Science Fiction
Not That Duke;Eloisa James;3,97;5,096 ;635 ;384;2023-07-25;2023;Romance
The Librarianist;Patrick deWitt;3,41;16,553 ;2,833 ;352;2023-07-04;2023;Fiction
Black and female;Tsitsi Dangarembga;4,16;463 ;66 ;158;2023-01-17;2023;Nonfiction
Decent People;De'Shawn Charles Winslow;3,6;1,923 ;248 ;272;2023-01-17;2023;Mystery
How to Lose at Love;Sara Ney;4,05;3,493 ;426 ;397;2023-01-17;2023;Sports Romance
When a Moth Loved a Bee;Pepper Winters;3,86;1,128 ;408 ;893;2023-02-03;2023;Fantasy
Swan Light;Phoebe Rowe;4,21;7,914 ;518 ;271;2023-04-04;2023;Historical Fiction
Bright Lights, Big Christmas;Mary Kay Andrews;3,88;28,904 ;4,063 ;288;2023-09-26;2023;Christmas
Backwaters;Emma Ling Sidnam;4,09;133 ;23 ;310;2023-09-26;2023;Contemporary
The Last Ranger;Peter Heller;3,81;6,922 ;955 ;287;2023-08-01;2023;Fiction
The Minuscule Mansion of Myra Malone;Audrey Burges;3,81;3,637 ;706 ;352;2023-01-24;2023;Fantasy
Smolder;Laurell K. Hamilton;3,83;5,895 ;790 ;496;2023-03-21;2023;Urban Fantasy
Whispers of You;Catherine Cowles;4,16;28,107 ;2,942 ;334;2023-01-31;2023;Romance
Capture the Sun;Jessie Mihalik;3,76;2,525 ;339 ;419;2023-06-20;2023;Romance
The 23rd Midnight;James Patterson;4,37;30,869 ;1,455 ;352;2023-03-02;2023;Mystery
A Little Ray of Sunshine;Kristan Higgins;4,15;11,036 ;1,073 ;511;2023-06-06;2023;Fiction
Always the Almost;Edward Underhill;4,06;2,916 ;946 ;320;2023-02-14;2023;Romance
Wannabe: Reckonings with the Pop Culture That Shapes Me;AishaHarris;3,83;1,347 ;223 ;288;2023-06-13;2023;Nonfiction
The Future;Naomi Alderman;3,86;15,190 ;2,622 ;432;2023-11-07;2023;Fiction
The Sweetheart List;Jill Shalvis;4,15;6,097 ;1,026 ;352;2023-06-13;2023;Romance
Hunted by Fate;Shannon Mayer;4,27;7,708 ;403 ;270;2023-02-27;2023;Fantasy
Going Infinite: The Rise and Fall of a New Tycoon;MichaelLewis;3,8;25,526 ;2,165 ;272;2023-10-03;2023;Nonfiction
Queen of Lust;Emilia Rose;4,24;38 ;12 ;154;2023-03-13;2023;Paranormal Romance
The Witches of Bone Hill;Ava Morgyn;3,71;1,670 ;469 ;416;2023-10-03;2023;Fantasy
If It Sounds Like a Quack...: A Journey to the Fringes of American Medicine;Matthew Hongoltz-Hetling;3,82;393 ;75 ;336;2023-04-04;2023;Nonfiction
The Maniac;Benjamín Labatut;4,34;11,457 ;1,750 ;368;2023-10-03;2023;Fiction
Between Two Strangers;Kate White;3,7;8,027 ;736 ;304;2023-05-16;2023;Mystery
Out There Screaming: An Anthology of New Black Horror;Jordan Peele;3,79;7,441 ;1,680 ;386;2023-10-03;2023;Horror
Waco Rising: David Koresh, the FBI, and the Birth of America's Modern Militias;Kevin Cook;3,88;1,223 ;189 ;288;2023-01-31;2023;Nonfiction
Hearts Forged in Dragon Fire;Erica Hollis;3,81;145 ;75 ;250;2023-06-26;2023;Fantasy
Land of Milk and Honey;C Pam Zhang;3,55;15,653 ;2,465 ;240;2023-09-26;2023;Fiction
Mrs. Nash's Ashes;SarahAdler;4,04;35,271 ;4,326 ;352;2023-05-23;2023;Romance
Old Babes in the Wood: Stories;Margaret Atwood;3,71;7,922 ;1,215 ;272;2023-03-07;2023;Short Stories
Cupcakes for My Orc Enemy;Honey Phillips;4,13;3,439 ;345 ;152;2023-02-09;2023;Romance
The West: A New History in Fourteen Lives;Naoíse Mac Sweeney;3,92;332 ;67 ;448;2023-03-02;2023;History
The Echo of Old Books;Barbara Davis;4,29;85,901 ;7,273 ;431;2023-03-28;2023;Historical Fiction
Iris Kelly Doesn't Date;Ashley Herring Blake;4,15;28,433 ;4,570 ;400;2023-10-24;2023;Romance
The Captain's Curse;Lisa Kessler;4,46;96 ;70 ;300;2023-05-15;2023;Paranormal
Fixit;Joe Ide;3,86;1,535 ;167 ;320;2023-05-09;2023;Mystery
Unnatural History;Jonathan Kellerman;4,09;13,553 ;840 ;320;2023-02-07;2023;Mystery
Homestead;Melinda Moustakis;3,53;2,520 ;430 ;259;2023-02-28;2023;Historical Fiction
Family Lore: A Novel;Elizabeth Acevedo;3,53;16,992 ;2,911 ;371;2023-08-01;2023;Fiction
Inheritance;Nora Roberts;4,37;34,024 ;4,150 ;419;2023-11-21;2023;Romance
Small World;Laura Zigman;3,47;4,350 ;604 ;304;2023-01-10;2023;Fiction
The Golem of Brooklyn;Adam Mansbach;4,02;1,914 ;337 ;272;2023-09-26;2023;Fiction
Better Hate than Never;Chloe Liese;3,68;13,319 ;2,166 ;366;2023-10-10;2023;Romance
Paved Paradise: How Parking Explains the World;Henry Grabar;4,21;3,227 ;559 ;368;2023-05-09;2023;Nonfiction
Knockout;Sarah MacLean;4,22;6,997 ;1,005 ;404;2023-08-22;2023;Romance
Ivy Touched and Bronze Blade;Shannon Mayer;4,5;1,652 ;117 ;350;2023-05-22;2023;Fantasy
Nothing but the Rain;Naomi Salman;3,89;2,859 ;563 ;96;2023-03-14;2023;Horror
The Reformatory;Tananarive Due;4,48;18,801 ;3,387 ;576;2023-10-31;2023;Horror
The Innocent Sleep;Seanan McGuire;4,22;2,226 ;276 ;368;2023-10-24;2023;Fantasy
On Earth as It Is on Television;Emily Jane;3,64;3,643 ;923 ;352;2023-06-13;2023;Science Fiction
Unfair Play: The Battle For Women's Sport;Sharron Davies;4,3;129 ;13 ;304;2023-06-22;2023;Nonfiction
This Other Eden;Paul Harding;3,79;15,069 ;2,163 ;224;2023-01-01;2023;Historical Fiction
My Murder;Katie Williams;3,66;24,153 ;3,726 ;304;2023-06-06;2023;Mystery
The Guest;Emma Cline;3,3;79,571 ;11,762 ;304;2023-05-16;2023;Fiction
Cold Light of Day;Elizabeth Goddard;4,23;1,259 ;395 ;335;2023-02-01;2023;Christian Fiction
Murder at an Irish Bakery;Carlene O'Connor;4;3,327 ;363 ;320;2023-02-28;2023;Mystery
The First Bright Thing;J.R. Dawson;3,61;2,664 ;686 ;336;2023-06-13;2023;Fantasy
Congratulations, the Best is Over!;R. Eric Thomas;4,08;6,060 ;942 ;240;2023-08-08;2023;Nonfiction
Something Old, Something New;Amy Clipston;3,89;1,168 ;223 ;336;2023-01-01;2023;Romance
The Wren, the Wren;Anne Enright;3,55;8,438 ;1,244 ;278;2023-09-19;2023;Fiction
Prequel: An American Fight Against Fascism;Rachel Maddow;4,45;10,291 ;1,396 ;416;2023-10-17;2023;History
Wreck the Halls;Tessa Bailey;3,43;73,839 ;9,688 ;351;2023-10-03;2023;Romance
Shark Heart;Emily Habeck;4;40,388 ;8,657 ;416;2023-08-08;2023;Fiction
All-New Firefly: The Gospel According to Jayne, Vol. 3;David M. Booher;3,96;45 ;4 ;128;2023-11-23;2023;Comics
Quietly Hostile: Essays;Samantha Irby;3,71;16,913 ;2,475 ;290;2023-05-16;2023;Nonfiction
Midnight Is the Darkest Hour;Ashley Winstead;3,44;22,522 ;4,338 ;386;2023-10-03;2023;Thriller
The Whispers;Ashley Audrain;3,83;69,464 ;8,590 ;336;2023-06-06;2023;Thriller
The Woman With the Cure;Lynn Cullen;3,94;3,398 ;548 ;400;2023-02-21;2023;Historical Fiction
And Then She Fell;Alicia Elliott;3,92;2,764 ;596 ;368;2023-09-26;2023;Horror
Between Us;Mhairi McFarlane;3,74;15,956 ;1,922 ;436;2023-08-08;2023;Romance
Where Ivy Dares to Grow;Marielle Thompson;3,33;1,144 ;328 ;304;2023-06-27;2023;Romance
Death Valley;Melissa Broder;3,5;16,564 ;3,284 ;240;2023-10-03;2023;Fiction
Call and Response;Gothataone Moeng;3,54;274 ;72 ;304;2023-02-07;2023;Short Stories
House of Slaughter, Vol. 3: The Butcher's Return;James Tynion IV;3,77;584 ;58 ;144;2023-09-06;2023;Horror
Gone to the Wolves;John Wray;3,57;864 ;191 ;400;2023-05-02;2023;Fiction
Same Time Next Year;Tessa Bailey;3,4;77,714 ;7,943 ;144;2023-12-01;2023;Romance
Roaming;Jillian Tamaki;3,77;3,979 ;693 ;443;2023-09-01;2023;Graphic Novels
Little Monsters #10;Jeff Lemire;4,24;68 ;7 ;26;2023-02-08;2023;Comics
Biting the Hand: Growing Up Asian in Black and White America;JuliaLee;4,35;1,441 ;295 ;248;2023-04-18;2023;Memoir
How to Survive History: How to Outrun a Tyrannosaurus, Escape Pompeii, Get Off the Titanic, and Survive the Rest of History's Deadliest Catastrophes;Cody Cassidy;4,06;1,686 ;266 ;195;2023-03-01;2023;Nonfiction
Court of Greed and Gold;Eliza Raine;4,13;13,955 ;541 ;308;2023-03-02;2023;Fantasy
The Loner's Prize;Cassi Hart;3,85;482 ;38 ;47;2023-02-16;2023;Romance
Once Upon an Orc;Dani Wyatt;4,02;199 ;21 ;140;2023-02-27;2023;Fantasy
I'm Not Charlotte Lucas;Kasey Stockton;3,88;1,946 ;571 ;240;2023-02-01;2023;Romance
Under Fire;Lynn H. Blackburn;4,49;1,022 ;262 ;350;2023-03-07;2023;Christian Fiction
Time to Think: The Inside Story of the Collapse of the Tavistock's Gender Service for Children;Hannah Barnes;4,41;978 ;175 ;455;2023-02-16;2023;Nonfiction
Unexpected: The Backstory of Finding Elizabeth Smart and Growing Up in the Culture of an American Religion;Chris Thomas;3,86;292 ;80 ;272;2023-03-07;2023;True Crime
Just as You Are;Camille Kellogg;3,76;3,826 ;909 ;320;2023-04-25;2023;Romance
The Delicate Art of Death;Ryan McGinnis;4,5;34 ;6 ;107;2023-03-01;2023;Thriller
So Shall You Reap;Donna Leon;4,08;6,901 ;561 ;262;2023-03-09;2023;Mystery
An American Story;Kwame Alexander;4,63;1,432 ;317 ;56;2023-01-03;2023;Picture Books
Sink: A Memoir;Joseph Earl Thomas;3,68;1,584 ;289 ;256;2023-02-21;2023;Memoir
The Longest Race: Inside the Secret World of Abuse, Doping, and Deception on Nike's Elite Running Team;Kara Goucher;4,46;11,607 ;1,311 ;288;2023-03-14;2023;Nonfiction
Thin Air;Kellie M. Parker;3,49;917 ;281 ;304;2023-10-17;2023;Mystery
Bridge;Lauren Beukes;3,68;1,979 ;427 ;432;2023-08-08;2023;Science Fiction
Son of the Poison Rose;Jonathan Maberry;4,34;836 ;143 ;704;2023-01-10;2023;Fantasy
Drinking from Graveyard Wells: Stories;Yvette Lisa Ndlovu;4,42;292 ;84 ;160;2023-03-07;2023;Short Stories
The Diary Keepers: World War II in the Netherlands, as Written by the People Who Lived Through It;Nina Siegal;4,33;470 ;76 ;544;2023-02-21;2023;History
The Best Summer of Our Lives;Rachel Hauck;3,9;2,163 ;408 ;384;2023-06-01;2023;Christian Fiction
The Wicked Unseen;Gigi Griffis;3,73;877 ;219 ;288;2023-06-20;2023;Horror
The Engagement Party;Finley Turner;3,42;2,311 ;258 ;315;2023-11-07;2023;Thriller
Knock Knock, Open Wide;Neil Sharpson;3,98;1,211 ;305 ;329;2023-09-26;2023;Horror
The Three of Us;Ore Agbaje-Williams;2,96;5,803 ;1,230 ;192;2023-05-16;2023;Fiction
Wildflower: A Memoir;Aurora James;4,31;884 ;118 ;304;2023-05-09;2023;Memoir
All-Night Pharmacy;Ruth Madievsky;3,52;5,853 ;863 ;304;2023-07-11;2023;Fiction
Foxed;Jay Hogan;4,18;1,776 ;300 ;323;2023-01-12;2023;M M Romance
A Tall Dark Trouble;Vanessa Montalban;4,14;270 ;92 ;384;2023-08-29;2023;Fantasy
The Last Bookwanderer;Anna James;4,25;616 ;92 ;320;2023-09-14;2023;Middle Grade
Enough;Cassidy Hutchinson;4,31;16,232 ;1,873 ;379;2023-09-26;2023;Nonfiction
Shadows at Dusk;Elizabeth Goddard;4,37;709 ;266 ;352;2023-10-01;2023;Suspense
Everyone on This Train Is a Suspect;BenjaminStevenson;3,88;35,444 ;5,410 ;336;2023-10-17;2023;Mystery
Promise Boys;Nick Brooks;4;6,773 ;1,427 ;400;2023-01-31;2023;Mystery
The Throne of Broken Gods;Amber V. Nicole;4,24;25,947 ;3,185 ;619;2023-05-18;2023;Fantasy
Azriel;Julie Mannino;4,11;37 ;4 ;115;2023-10-01;2023;M M Romance
Talking at Night;Claire Daverley;3,97;29,136 ;4,703 ;400;2023-06-06;2023;Romance
Outdrawn;Deanna Grey;4,25;3,162 ;711 ;328;2023-11-17;2023;Romance
The Pole;J.M. Coetzee;3,7;3,381 ;581 ;166;2023-09-19;2023;Fiction
Never Plan a Billionaire's Wedding;Julia Kent;4,23;412 ;82 ;258;2023-11-28;2023;Romance
Wild Geese;Soula Emmanuel;3,91;459 ;102 ;240;2023-03-30;2023;Fiction
He's Not My Type;Meghan Quinn;4,26;56,400 ;4,586 ;394;2023-11-28;2023;Romance
Menewood;Nicola Griffith;4,47;884 ;218 ;720;2023-10-03;2023;Historical Fiction
Kabalista;Remigiusz Mróz;3,68;1,594 ;218 ;480;2023-02-08;2023;Crime
Godly Heathens;H.E. Edgmon;3,85;1,427 ;680 ;400;2023-11-28;2023;Fantasy
Derring-Do for Beginners;VictoriaGoddard;4,54;411 ;55 ;385;2023-04-16;2023;Fantasy
Judgement at Tokyo: World War II on Trial and the Making of Modern Asia;Gary J. Bass;4,3;726 ;128 ;1387;2023-10-03;2023;History
Monica;Daniel Clowes;3,96;3,732 ;560 ;106;2023-10-01;2023;Graphic Novels
Catch Her Death;Melinda Leigh;4,52;13,675 ;579 ;304;2023-09-12;2023;Mystery
The Once and Future Sex: Going Medieval on Women's Roles in Society;Eleanor Janega;4,06;1,758 ;323 ;272;2023-01-17;2023;Nonfiction
Please Tell Me;Mike Omer;4,15;23,441 ;1,466 ;379;2023-11-07;2023;Thriller
Magdalene Nox;Milena McKay;4,59;964 ;154 ;450;2023-11-16;2023;Lesbian
The Oceans and the Stars;Mark Helprin;4,45;1,652 ;251 ;512;2023-10-03;2023;Fiction
Absolutely and Forever;Rose Tremain;3,92;2,668 ;289 ;177;2023-09-21;2023;Fiction
Pirates of the Slave Trade: The Battle of Cape Lopez and the Birth of an American Institution;Angela C. Sutton;3,89;37 ;10 ;264;2023-12-15;2023;History
In This Moment;Gabrielle Meyer;4,49;3,257 ;778 ;416;2023-05-02;2023;Historical Fiction
Cobalt Red: How the Blood of the Congo Powers Our Lives;Siddharth Kara;4,38;8,527 ;1,549 ;288;2023-01-31;2023;Nonfiction
Die Weiße Iris;Fabcaro;3,83;3,465 ;369 ;48;2023-10-26;2023;Bande Dessinée
Strangers in the Night;Heather Webb;3,86;1,319 ;277 ;432;2023-03-21;2023;Historical Fiction
Culture: The Story of Us, From Cave Art to K-Pop;Martin Puchner;3,82;413 ;67 ;384;2023-02-07;2023;History
Africatown: America's Last Slave Ship and the Community It Created;Nick Tabor;4,15;330 ;92 ;384;2023-02-21;2023;History
Reef Road;Deborah Goodrich Royce;3,55;1,969 ;414 ;320;2023-01-10;2023;Mystery
Conquest;Nina Allan;3,6;217 ;40 ;320;2023-05-11;2023;Science Fiction
We Will Reign;Rachel Leigh;3,74;3,610 ;664 ;271;2023-03-10;2023;Reverse Harem
The Wolf Hunt;Ayelet Gundar-Goshen;4,05;2,687 ;326 ;288;2021-12-05;2021;Fiction
City of Souls and Sinners;KaylaEdwards;4,24;2,448 ;385 ;680;2023-02-21;2023;Fantasy
Black Lies;Mercedes Mercier;4,29;528 ;109 ;320;2023-06-07;2023;Crime
Period: The Real Story of Menstruation;Kate Clancy;4;642 ;136 ;249;2023-04-11;2023;Nonfiction
The Art of Husbandry;Jay Hogan;4,41;1,545 ;302 ;402;2023-06-01;2023;M M Romance
Rubicon;J.S. Dewes;3,93;1,941 ;370 ;469;2023-03-28;2023;Science Fiction
Thieves' Gambit;Kayvion Lewis;3,89;9,093 ;2,209 ;397;2023-09-26;2023;Young Adult
House of Longing;Tara Calaby;3,96;93 ;22 ;416;2023-05-30;2023;Historical Fiction
Plus Two;Jillian West;4,16;5,708 ;426 ;386;2023-05-27;2023;Omegaverse
Revolutionary Spring: Europe Aflame and the Fight for a New World, 1848-1849;ChristopherClark;4,17;526 ;96 ;1152;2023-04-27;2023;History
Cloak of Scarlet;Melanie Dickerson;4,04;829 ;198 ;336;2023-08-15;2023;Historical Fiction
The Twelve Books of Christmas;Kate Carlisle;3,93;1,885 ;258 ;336;2023-10-24;2023;Mystery
Bli hos meg;Hanne Ørstavik;3,66;74 ;5 ;211;2023-01-01;2023;Fiction
Spell Bound;F.T. Lukens;4,15;7,207 ;1,641 ;336;2023-04-04;2023;Fantasy
Heart of Night and Fire;Nisha J. Tuli;3,92;2,241 ;793 ;370;2023-09-15;2023;Fantasy
Blood & Steel;Helen Scheuerer;4,23;20,801 ;2,493 ;550;2023-02-13;2023;Fantasy
And Then He Sang a Lullaby;Ani Kayode Somtochukwu;4,15;796 ;179 ;304;2023-06-06;2023;Fiction
The List;Yomi Adegoke;3,06;25,288 ;2,943 ;336;2023-10-03;2023;Fiction
Once More with Feeling;Elissa Sussman;3,57;26,229 ;4,683 ;416;2023-05-30;2023;Romance
Hotel Laguna;Nicola Harrison;3,81;2,697 ;605 ;288;2023-06-20;2023;Historical Fiction
You, Again;Kate Goldbeck;3,61;40,384 ;8,171 ;448;2023-09-12;2023;Romance
An Honest Man;Michael Koryta;4,13;3,660 ;434 ;385;2023-07-25;2023;Thriller
The Daughters of Madurai;Rajasree Variyar;4,11;4,481 ;607 ;336;2023-02-28;2023;Historical Fiction
Glow of the Everflame;Penn Cole;4,41;40,605 ;3,621 ;637;2023-07-18;2023;Fantasy
Everything Is Just Beginning;Erin Bartels;4,13;487 ;194 ;342;2023-01-17;2023;Historical Fiction
Monkey Prince Vol. 1: Enter the Monkey;Gene Luen Yang;3,69;241 ;43 ;144;2023-01-24;2023;Comics
The Last Language;Jennifer duBois;3,77;350 ;76 ;240;2023-10-17;2023;Fiction
Between Commitment and Betrayal;Shain Rose;3,78;35,768 ;2,699 ;384;2023-03-23;2023;Romance
Sorry, Bro;Taleen Voskuni;3,66;5,122 ;1,018 ;354;2023-01-31;2023;Romance
Hungry Ghosts;Kevin Jared Hosein;3,84;1,965 ;369 ;13;2023-02-07;2023;Historical Fiction
Night Angel Nemesis;Brent Weeks;4,07;4,420 ;463 ;838;2023-04-25;2023;Fantasy
The Many Lives of Mama Love: A Memoir of Lying, Stealing, Writing, and Healing;Lara Love Hardin;4,47;44,631 ;5,048 ;319;2023-08-01;2023;Memoir
The Mechanics of Lust;Jay Hogan;4,36;1,097 ;226 ;387;2023-10-19;2023;Romance
The Passing of the Dragon;Ken Liu;4,11;656 ;152 ;46;2023-09-13;2023;Fantasy
Threads That Bind;Kika Hatzopoulou;3,94;9,954 ;2,449 ;352;2023-05-30;2023;Fantasy
The Vaster Wilds;Lauren Groff;3,77;30,299 ;4,807 ;272;2023-09-12;2023;Historical Fiction
Foxglove;Adalyn Grace;4,16;34,328 ;5,903 ;465;2023-08-22;2023;Fantasy
The Mystery at Dunvegan Castle;T.L. Huchu;3,93;1,643 ;262 ;389;2023-07-27;2023;Fantasy
The Call of the Sea;Kate Schumacher;4,11;470 ;187 ;516;2023-08-05;2023;Fantasy
気になってる人が男じゃなかった VOL.1;Sumiko Arai;4,62;2,630 ;536 ;180;2023-04-19;2023;Romance
Stacey's Mistake: A Graphic Novel;Ellen T. Crenshaw;4,13;1,987 ;125 ;160;2023-10-03;2023;Graphic Novels
Murder in the Family;Cara Hunter;3,76;36,241 ;5,866 ;466;2023-07-20;2023;Mystery
The House on Mulberry Street;Jeannie Chin;3,9;203 ;86 ;359;2023-03-07;2023;Romance
Maniac;Onley James;4,17;6,118 ;920 ;267;2023-02-16;2023;M M Romance
Warrior King;Eden Winters;4,09;336 ;48 ;336;2023-08-25;2023;Fantasy
Confidence;Rafael Frumkin;3,61;1,574 ;331 ;320;2023-03-07;2023;Fiction
Tasting History: Explore the Past through 4,000 Years of Recipes;Max Miller;4,36;1,031 ;153 ;256;2023-04-18;2023;Cookbooks
The Hexologists;Josiah Bancroft;3,83;4,318 ;900 ;313;2023-09-26;2023;Fantasy
He Should Have Told the Bees;Amanda Cox;4,04;2,553 ;547 ;336;2023-08-01;2023;Christian Fiction
A Winter Grave;Peter May;4,07;6,675 ;517 ;368;2023-01-19;2023;Crime
The White Lady;Jacqueline Winspear;4,07;16,809 ;1,730 ;321;2023-03-21;2023;Historical Fiction
Spark of the Everflame;Penn Cole;4,23;50,652 ;5,268 ;438;2023-06-01;2023;Fantasy
Taken;Dinuka McKenzie;3,99;1,298 ;137 ;327;2023-02-01;2023;Crime
Ana María and the Fox;Liana De la Rosa;3,46;6,040 ;1,192 ;352;2023-04-01;2023;Romance
Strange and Difficult Times: Notes on a Global Pandemic;Nanjala Nyabola;4,25;16 ;5 ;224;2023-02-01;2023;Africa
The Good, the Bad and the History;Jodi Taylor;4,66;3,822 ;329 ;478;2023-06-22;2023;Time Travel
While You Were Out: An Intimate Family Portrait of Mental Illness in an Era of Silence;Meg Kissinger;4,29;10,092 ;1,328 ;320;2023-09-05;2023;Nonfiction
My F*cked Up Paradise;J.B. Salsbury;4,2;389 ;56 ;386;2023-06-12;2023;Romance
Death is My BFF;Katarina E. Tonks;4,28;3,663 ;448 ;384;2011-07-06;2011;Fantasy
Astor: The Rise and Fall of an American Fortune;Anderson Cooper;3,77;12,483 ;1,139 ;322;2023-09-19;2023;Nonfiction
Normal Rules Don't Apply;Kate Atkinson;3,71;6,916 ;1,145 ;240;2023-09-13;2023;Short Stories
Carmageddon: How Cars Make Life Worse and What to Do About It;Daniel Knowles;4,26;642 ;114 ;256;2023-03-28;2023;Nonfiction
The Ever King;L.J. Andrews;4,2;37,883 ;4,141 ;408;2023-07-19;2023;Fantasy
Blood in the Machine: The Origins of the Rebellion Against Big Tech;Brian Merchant;4,15;719 ;140 ;16;2023-05-30;2023;History
These Thin Lines;Milena McKay;4,43;1,640 ;220 ;404;2023-01-25;2023;Romance
A Match in the Making;Jen Turano;4,2;2,002 ;465 ;358;2023-02-21;2023;Romance
We Should Not Be Friends: The Story of a Friendship;Will Schwalbe;3,89;2,494 ;368 ;336;2023-02-21;2023;Memoir
The Library of Shadows;RachelMoore;3,58;3,060 ;886 ;366;2023-09-05;2023;Fantasy
State of Denial;Marie Force;4,65;3,232 ;226 ;352;2023-08-25;2023;Romance
Soldier of Destiny: Slavery, Secession, and the Redemption of Ulysses S. Grant;JohnReeves;3,79;76 ;16 ;289;2023-12-05;2023;History
The Paris Mystery;Kirsty Manning;3,43;1,697 ;332 ;320;2023-08-08;2023;Mystery
Generations: The Real Differences Between Gen Z, Millennials, Gen X, Boomers, and Silents―and What They Mean for America's Future;Jean M. Twenge;4,06;3,558 ;545 ;560;2023-04-01;2023;Nonfiction
The Secret Hours;Mick Herron;4,29;11,747 ;1,162 ;398;2023-09-14;2023;Fiction
Candy for My Orc Boss;Ava Ross;3,91;3,289 ;276 ;194;2023-01-13;2023;Romance
Manifest;Brittany Cavallaro;3,64;131 ;24 ;384;2023-01-17;2023;Fantasy
The Museum of Failures;Thrity Umrigar;4,13;9,243 ;1,096 ;358;2023-09-26;2023;Fiction
Before She Finds Me;Heather Chavez;3,83;3,263 ;582 ;352;2023-06-27;2023;Thriller
In The Beginning;Simon Edge;4,25;55 ;9 ;355;2023-01-01;2023;Politics
Up With the Sun;Thomas Mallon;3,68;491 ;90 ;352;2023-02-07;2023;Historical Fiction
Did You Hear About Kitty Karr?;Crystal Smith Paul;3,76;52,064 ;5,231 ;416;2023-05-02;2023;Historical Fiction
The Way I Hate Him;Meghan Quinn;4,02;41,094 ;3,065 ;524;2023-08-01;2023;Romance
When the Moon Turns Blue;Pamela Terry;4,07;891 ;206 ;304;2023-02-21;2023;Fiction
My Name Is Iris;Brando Skyhorse;3,36;896 ;190 ;257;2023-08-01;2023;Fiction
Firelight;John Morrissey;3,94;62 ;11 ;256;2023-08-01;2023;Short Stories
A Noble Inheritance;Kasey Stockton;4,44;1,722 ;176 ;312;2023-06-16;2023;Regency
A Heart Worth Stealing;Joanna Barker;4,14;3,554 ;907 ;328;2023-05-02;2023;Romance
Before We Were Innocent;Ella Berman;3,44;49,525 ;4,086 ;384;2023-04-04;2023;Mystery
Out of Options;Jillian West;4,24;3,692 ;232 ;336;2023-04-12;2023;Omegaverse
Teacher's Pet;Nicole Andelfinger;3,98;795 ;82 ;224;2023-06-27;2023;Graphic Novels
Kill Your Husbands;Jack Heath;3,77;6,025 ;750 ;384;2023-11-01;2023;Mystery
Topographia Hibernica;Blindboy Boatclub;4,34;856 ;122 ;173;2023-11-01;2023;Short Stories
Miasma;Jess Hyslop;4,81;31 ;11 ;99;2023-02-07;2023;Fantasy
God of Fury;Rina Kent;4,5;57,865 ;8,761 ;524;2023-12-06;2023;M M Romance
So Late in the Day;Claire Keegan;4,01;14,527 ;1,662 ;47;2023-08-31;2023;Short Stories
The Spectacular;Fiona Davis;4,1;30,798 ;3,535 ;368;2023-06-13;2023;Historical Fiction
Dragonfall;L.R. Lam;3,48;3,560 ;1,112 ;432;2023-05-02;2023;Fantasy
Beirut Station: Two Lives of a Spy;Paul Vidich;4,01;1,124 ;101 ;352;2023-10-03;2023;Fiction
The Dark Hours;David J. Gatward;4,49;4,545 ;117 ;306;2023-02-28;2023;Mystery
In Her Highlander's Bed;Lynsay Sands;4,02;2,960 ;432 ;368;2023-01-24;2023;Romance
World Running Down;Al Hess;3,98;639 ;209 ;335;2023-02-14;2023;Science Fiction
Apartment 303;Kelli Hawkins;3,68;939 ;121 ;320;2023-03-08;2023;Thriller
Sex and Gender;Alice Sullivan;4,05;22 ;6 ;294;2023-08-25;2023;Nonfiction
Pirate Enlightenment, or the Real Libertalia;GRAEBER DAVID;3,33;1,642 ;249 ;176;2023-01-24;2023;History
And Other Mistakes;Erika Turner;3,74;228 ;47 ;317;2023-02-14;2023;Young Adult
But Have You Read the Book?: 52 Literary Gems That Inspired Our Favorite Films;Kristen Lopez;3,36;809 ;181 ;240;2023-03-07;2023;Nonfiction
Into the Bright Sunshine: Young Hubert Humphrey and the Fight for Civil Rights;Samuel G. Freedman;4,31;242 ;32 ;336;2023-07-15;2023;History
Something Wild & Wonderful;Anita Kelly;4,28;5,919 ;1,506 ;385;2023-03-07;2023;Romance
Cursed Crowns;Catherine Doyle;4,06;7,838 ;1,371 ;512;2023-04-27;2023;Fantasy
Garron Park;Nordika Night;4,07;11,051 ;1,494 ;308;2023-04-24;2023;M M Romance
Where the Dead Wait;Ally Wilkes;3,25;1,089 ;332 ;464;2023-12-05;2023;Horror
Something is Killing the Children #35;James Tynion IV;4,43;150 ;15 ;35;2023-11-29;2023;Comics
Neverest;T.L. Bodine;3,85;116 ;47 ;292;2023-04-25;2023;Horror
You Could Make This Place Beautiful;Maggie Smith;4,09;26,563 ;3,719 ;320;2023-04-11;2023;Memoir
Harlem After Midnight;Louise Hare;3,52;530 ;126 ;384;2023-08-29;2023;Historical Fiction
The Dragons of Deepwood Fen;Bradley P. Beaulieu;3,66;303 ;114 ;704;2023-12-05;2023;Fantasy
Hex You;P.C. Cast;3,97;909 ;162 ;304;2023-01-31;2023;Fantasy
Resilient Reign;Aleatha Romig;4,39;787 ;156 ;238;2023-01-31;2023;Romance
The Cliff's Edge;Charles Todd;4,09;3,456 ;345 ;320;2023-02-14;2023;Mystery
The Devil's Playground;Craig Russell;3,87;1,442 ;261 ;348;2023-06-08;2023;Horror
Batman/Superman: World's Finest, Vol. 1: The Devil Nezha;Mark Waid;4,13;1,544 ;219 ;160;2023-03-07;2023;Comics
The Last Animal;Ramona Ausubel;3,48;4,642 ;763 ;278;2023-04-18;2023;Fiction
Never Have I Ever: Submitted to My Enemy;Willow Dixon;4,09;5,691 ;590 ;330;2023-01-11;2023;M M Romance
The Daydreams;Laura Hankin;3,6;8,689 ;1,357 ;368;2023-05-02;2023;Fiction
Thicker than Water: A Memoir;Kerry Washington;3,87;15,988 ;1,597 ;320;2023-09-26;2023;Memoir
Seduction of a Psychopomp: Erogenous Hand Holding and Other Ways to Tame your Reaper;Elsie Winters;4,04;1,317 ;252 ;290;2023-07-21;2023;Fantasy
Tough Crowd: How I Made and Lost a Career in Comedy;Graham Linehan;4,44;648 ;131 ;288;2023-10-12;2023;Nonfiction
The Sun and the Void;Gabriela Romero Lacruz;3,33;3,002 ;1,001 ;577;2023-07-25;2023;Fantasy
The Monster's Den;Jillian West;4,23;7,893 ;628 ;328;2023-03-25;2023;Reverse Harem
The Scarlet Veil;Shelby Mahurin;4,14;7,624 ;1,730 ;639;2023-09-26;2023;Fantasy
Saga #65;Brian K. Vaughan;4,48;883 ;104 ;32;2023-06-21;2023;Graphic Novels
She Started It;Sian Gilbert;3,57;44,788 ;5,780 ;352;2023-06-13;2023;Thriller
Humanly Possible: Seven Hundred Years of Humanist Freethinking, Inquiry, and Hope;Sarah Bakewell;4,02;1,494 ;219 ;464;2023-03-28;2023;Philosophy
Recovery Road;Christine Feehan;4,58;4,328 ;412 ;410;2023-01-24;2023;Romance
All the Days of Summer;Nancy Thayer;4,03;8,761 ;750 ;369;2023-05-02;2023;Romance
Flux;Jinwoo Chong;3,38;4,891 ;973 ;341;2023-03-21;2023;Science Fiction
Agony's Lodestone;Laura Keating;4;209 ;68 ;116;2023-04-08;2023;Horror
Blackouts;Justin Torres;3,77;7,049 ;1,281 ;306;2023-10-10;2023;Fiction
Do Tell;Lindsay Lynch;3,23;2,617 ;441 ;352;2023-07-11;2023;Historical Fiction
Анатомия на безсмъртните видове;Alexandrina Krusharska;4,61;275 ;53 ;530;2023-07-20;2023;Fantasy
Fake Athlete;Cassi Hart;3,79;304 ;34 ;61;2023-01-11;2023;Sports
You Don't Have a Shot;Racquel Marie;4,39;2,095 ;567 ;384;2023-05-09;2023;Romance
Prophet;Sin Blaché;3,69;2,218 ;534 ;480;2023-08-23;2023;Science Fiction
The Summer Skies;Jenny Colgan;3,86;6,338 ;785 ;336;2023-06-08;2023;Romance
A Winter in New York;Josie Silver;3,7;39,384 ;5,805 ;384;2023-10-03;2023;Romance
Return to Monte Carlo;Cate C. Wells;3,61;2,912 ;555 ;207;2023-09-29;2023;Romance
Damaged Princess;Jillian West;4,22;2,547 ;191 ;266;2023-02-13;2023;Omegaverse
Her Sunburnt Country: The Extraordinary Literary Life of Dorothea Mackellar;Deborah Fitzgerald;3,76;51 ;15 ;325;2023-01-01;2023;Nonfiction
Waiting to Be Arrested at Night: A Uyghur Poet's Memoir of China's Genocide;Tahir Hamut Izgil;4,31;1,371 ;205 ;272;2023-01-01;2023;Nonfiction
Miles Ever After;T.L. Swan;4,29;26,812 ;1,650 ;236;2023-03-16;2023;Romance
To Have and to Heist;Sara Desai;3,54;4,116 ;866 ;416;2023-07-18;2023;Romance
Extremely Online: the untold story of fame, influence, and power on the internet;Taylor Lorenz;3,62;2,767 ;504 ;11;2023-10-03;2023;Nonfiction
The Lost Boys of Barlowe Theater;Jaime Jo Wright;4,28;827 ;278 ;352;2023-10-10;2023;Mystery
Love, Pamela;Pamela Anderson;3,8;31,784 ;3,731 ;256;2023-01-31;2023;Nonfiction
Indigiqueerness: A Conversation about Storytelling;Joshua Whitehead;4,25;203 ;43 ;95;2023-06-04;2023;Nonfiction
Hey, Hun: Sales, Sisterhood, Supremacy, and the Other Lies Behind Multilevel Marketing;Emily Lynn Paulson;3,63;10,067 ;1,758 ;384;2023-05-30;2023;Nonfiction
A Night at the Tropicana;Chanel Cleeton;4,03;5,581 ;559 ;41;2023-10-01;2023;Historical Fiction
Salt Kiss;Sierra Simone;4,1;9,423 ;1,821 ;352;2023-09-12;2023;Romance
The Edge;David Baldacci;4,38;35,227 ;1,584 ;407;2023-11-14;2023;Thriller
Just the Nicest Couple;Mary Kubica;3,56;146,216 ;12,409 ;320;2023-01-10;2023;Thriller
The Secret Service of Tea and Treason;India Holton;4,01;10,379 ;1,643 ;364;2023-04-20;2023;Romance
The Curse of the Marquis de Sade: A Notorious Scoundrel, a Mythical Manuscript, and the Biggest Scandal in Literary History;Joel Warner;3,62;703 ;116 ;286;2023-02-21;2023;Nonfiction
A Woman I Know: Female Spies, Double Identities, and a New Story of the Kennedy Assassination;Mary Haverstick;3,92;332 ;75 ;548;2023-11-14;2023;Nonfiction
The Witches of Vardø;Anya Bergman;3,88;3,925 ;601 ;385;2023-01-05;2023;Historical Fiction
The Harry Potter Wizarding Almanac;J.K. Rowling;4,29;4,722 ;245 ;210;2023-10-10;2023;Fantasy
Through a Darkening Glass;R.S. Maxwell;3,9;5,464 ;388 ;325;2023-01-01;2023;Historical Fiction
The Way of the Bear;Anne Hillerman;4,17;6,188 ;484 ;281;2023-04-25;2023;Mystery
The Duke Gets Even;Joanna Shupe;4,1;3,448 ;783 ;372;2023-01-24;2023;Historical Romance
For the Fans;Nyla K.;4,35;35,103 ;5,186 ;544;2023-02-23;2023;M M Romance
Brutes;Dizz Tate;3,19;10,388 ;2,540 ;304;2023-02-07;2023;Fiction
The Anti-Hero;Sara Cate;4,04;16,035 ;2,571 ;366;2023-07-14;2023;Romance
Moon of the Turning Leaves;Waubgeshig Rice;4,28;5,031 ;780 ;320;2023-10-10;2023;Fiction
Bluey: Unicorse;Bluey;4,43;35 ;4 ;32;2023-06-07;2023;Childrens
Bonded by Thorns;Elizabeth Helen;3,97;36,257 ;3,602 ;352;2023-02-07;2023;Fantasy
The River's Edge;Joy Ellis;4,52;6,216 ;246 ;340;2023-07-04;2023;Fiction
Foul Heart Huntsman;Chloe Gong;4,36;9,797 ;2,261 ;560;2023-09-26;2023;Fantasy
Good Girls: A Story and Study of Anorexia;Hadley Freeman;3,92;1,698 ;259 ;288;2023-03-07;2023;Nonfiction
Grave Wars;Gena Showalter;4,5;172 ;41 ;185;2023-09-25;2023;Cozy Mystery
The Cat Who Taught Zen;James Norbury;4,32;3,598 ;400 ;176;2023-09-28;2023;Philosophy
Just a Bit Captivated;Alessandra Hazard;4,08;4,942 ;642 ;243;2023-11-23;2023;M M Romance
Kiss Me, Mi Amor;Alana Quintana Albertson;3,42;622 ;144 ;304;2023-05-09;2023;Romance
Hello Stranger;Katherine Center;3,95;98,591 ;17,981 ;336;2023-07-11;2023;Romance
The Late Americans;Brandon Taylor;3,39;6,806 ;1,269 ;303;2023-05-23;2023;Fiction
One Girl in All the World;Kendare Blake;4,19;1,245 ;225 ;352;2023-01-31;2023;Fantasy
Dead Man's Wake;Paul Doiron;4,18;3,901 ;564 ;320;2023-06-27;2023;Mystery
The Land of Lost Things;John Connolly;3,92;3,589 ;614 ;358;2023-09-07;2023;Fantasy
Meet Me in the Blue;A.M. Johnson;4,17;1,771 ;382 ;263;2023-03-02;2023;M M Romance
The Night Travelers;Armando Lucas Correa;3,84;5,060 ;773 ;368;2023-01-10;2023;Historical Fiction
Girl Taking Over: A Lois Lane Story;Sarah Kuhn;3,84;440 ;102 ;208;2023-04-18;2023;Graphic Novels
The Con Queen of Hollywood: The Hunt for an Evil Genius;Scott C. Johnson;3,31;503 ;76 ;9;2023-06-06;2023;True Crime
Rootless;Krystle Zara Appiah;3,83;3,962 ;906 ;256;2023-03-07;2023;Fiction
The Nighthouse Keeper;Lora Senf;4,23;315 ;76 ;320;2023-10-17;2023;Middle Grade
Kingdom of Blood and Salt;Alexis Calder;3,96;9,417 ;525 ;330;2023-03-30;2023;Fantasy
Forbidden: Part One;Emilia Emerson;3,87;8,572 ;724 ;568;2023-03-01;2023;Omegaverse
Furious Heaven;Kate Elliott;4,24;692 ;102 ;1081;2023-03-02;2023;Science Fiction
Forever;J.R. Ward;4,08;4,147 ;301 ;480;2023-03-28;2023;Paranormal
Christmas Pie;Jodi Taylor;4,49;1,566 ;142 ;100;2023-12-25;2023;Time Travel
Material World: The Six Raw Materials That Shape Modern Civilization;Edmund Conway;4,53;2,747 ;363 ;512;2023-06-15;2023;Nonfiction
Follow The Money: How much does Britain cost?;Paul Johnson;4,31;639 ;67 ;313;2023-02-26;2023;Nonfiction
Da vi var yngre;Oliver Lovrenski;4,29;2,995 ;273 ;242;2023-09-29;2023;Fiction
Junior High;Tegan Quin;4,07;2,648 ;445 ;304;2023-05-30;2023;Graphic Novels
Tormented;Elayna R. Gallea;3,8;4,340 ;286 ;444;2023-06-21;2023;Fantasy
So Close;Sylvia Day;3,52;3,408 ;589 ;326;2023-03-28;2023;Romance
Mimosa: A Graphic Novel;Archie Bongiovanni;3,73;1,719 ;346 ;272;2023-03-07;2023;Graphic Novels
Blue Skies;T.C. Boyle;3,82;3,523 ;474 ;457;2023-08-22;2023;Fiction
The Sound of Light;Sarah Sundin;4,34;2,775 ;547 ;343;2023-02-07;2023;Historical Fiction
The Human Origins of Beatrice Porter and Other Essential Ghosts;Soraya Palmer;3,87;982 ;211 ;288;2023-03-28;2023;Fiction
Ambrosia;C.N. Crawford;3,81;22,168 ;1,657 ;350;2023-02-20;2023;Fantasy
All the Little Raindrops;Mia Sheridan;4,05;39,732 ;3,627 ;390;2023-11-01;2023;Thriller
The Coworker;Freida McFadden;3,79;278,035 ;22,016 ;362;2023-08-23;2023;Thriller
Lights;Brenna Thummler;4,27;3,190 ;758 ;366;2023-09-05;2023;Graphic Novels
Symphony for a Deadly Throne;E.J. Mellow;4,11;4,113 ;539 ;405;2023-02-14;2023;Fantasy
Hunting the Falcon: Henry VIII, Anne Boleyn, and the Marriage That Shook Europe;John Guy;4,15;1,068 ;181 ;624;2023-09-14;2023;History
The Infinite;Ada Hoffmann;4,26;280 ;56 ;344;2023-01-24;2023;Science Fiction
The Christmas Guest;Peter Swanson;3,63;20,183 ;3,188 ;96;2023-09-28;2023;Christmas
The Six: The Untold Story of America's First Women Astronauts;Loren Grush;4,36;3,947 ;679 ;432;2023-09-05;2023;Nonfiction
Infamous Park Avenue Prince;Ella Frank;4,03;5,198 ;702 ;370;2023-09-21;2023;M M Romance
VenCo;Cherie Dimaline;3,79;8,943 ;1,695 ;400;2023-02-07;2023;Fantasy
Why Are You Like This?: An ArtbyMoga Comic Collection;Meg Adams;4,22;1,015 ;307 ;176;2023-03-07;2023;Graphic Novels
That Sik Luv;Jescie Hall;4,02;39,372 ;5,094 ;496;2023-03-03;2023;Dark
The Last Beekeeper;Julie Carrick Dalton;3,95;1,627 ;323 ;384;2023-03-07;2023;Fiction
Pick Six;Maggie Rawdon;4,04;6,404 ;608 ;352;2023-05-04;2023;Sports Romance
The Paris Daughter;Kristin Harmel;4,25;45,670 ;4,543 ;384;2023-06-06;2023;Historical Fiction
Black Earth Wisdom: Soulful Conversations with Black Environmentalists;Leah Penniman;4,58;160 ;38 ;356;2023-02-28;2023;Nonfiction
Don't Let the Pigeon Drive the Sleigh!;Mo Willems;4,25;1,014 ;146 ;40;2023-09-05;2023;Picture Books
Sincerely, Me;Julietta Henderson;4,13;660 ;136 ;368;2023-02-23;2023;Contemporary
Don’t Forget to Write;Sara Goodman Confino;4,51;49,559 ;4,212 ;334;2023-09-01;2023;Historical Fiction
Behind the Seams: My Life in Rhinestones;Dolly Parton;4,13;7,318 ;942 ;335;2023-10-17;2023;Nonfiction
Age of Vice;Deepti Kapoor;3,61;29,895 ;4,560 ;544;2023-01-03;2023;Fiction
The Love Plot;Samantha Young;3,84;5,922 ;1,104 ;352;2023-08-29;2023;Romance
Death in the Dark Woods;Annelise Ryan;3,74;1,581 ;237 ;336;2023-12-12;2023;Mystery
Nattskolen;Karl Ove Knausgård;4,36;843 ;93 ;484;2023-10-27;2023;Fiction
Scattershot: Life, Music, Elton, and Me;Bernie Taupin;3,58;1,585 ;298 ;416;2023-09-12;2023;Nonfiction
Once Upon a Prime: The Wondrous Connections Between Mathematics and Literature;Sarah Hart;3,92;814 ;178 ;304;2023-04-11;2023;Nonfiction
A Spell of Good Things;Ayọ̀bámi Adébáyọ̀;3,79;4,914 ;913 ;352;2023-02-07;2023;Fiction
An Assassin in Utopia: The True Story of a Nineteenth-Century Sex Cult and a President's Murder;Susan Wels;3,33;1,184 ;219 ;272;2023-02-07;2023;History
Fit for the Gods;Jenn Northington;3,36;221 ;56 ;480;2023-08-01;2023;Mythology
Filthy Lies;Serena Akeroyd;4,49;2,553 ;384 ;498;2023-01-05;2023;Romance
The Year of the Locust;Terry Hayes;3,58;14,971 ;1,918 ;663;2023-11-09;2023;Thriller
Watership Down: The Graphic Novel;James Sturm;4,44;1,496 ;380 ;384;2023-10-17;2023;Graphic Novels
Nuff Said;Tyrus;4,48;466 ;46 ;208;2023-11-21;2023;Biography
The Best Minds: A Story of Friendship, Madness, and the Tragedy of Good Intentions;Jonathan Rosen;4,08;10,341 ;1,289 ;576;2023-04-18;2023;Nonfiction
Cosmoknights Book Two;Hannah Templer;4,57;1,700 ;324 ;280;2023-06-13;2023;Graphic Novels
The Cuban Heiress;Chanel Cleeton;3,89;12,548 ;1,242 ;336;2023-04-11;2023;Historical Fiction
Lunar Love;Lauren Kung Jessen;3,48;12,499 ;2,484 ;336;2023-01-10;2023;Romance
Don't Let Her Stay;Nicola Sanders;3,95;153,477 ;11,975 ;283;2023-02-09;2023;Thriller
Filthy Disciple;Cassandra Robbins;4,22;2,164 ;471 ;268;2023-02-19;2023;Romance
Same Bed Different Dreams;Ed Park;3,77;1,592 ;385 ;528;2023-11-07;2023;Fiction
Fractal Noise;Christopher Paolini;3,44;10,466 ;1,718 ;286;2023-05-16;2023;Science Fiction
Second Duke's the Charm;Kate Bateman;3,99;1,058 ;456 ;314;2023-12-26;2023;Historical Romance
The Rachel Incident;Caroline O'Donoghue;4,1;69,264 ;8,972 ;304;2023-06-22;2023;Fiction
The Perfumist of Paris;Alka Joshi;4,16;27,223 ;2,346 ;400;2023-03-28;2023;Historical Fiction
Filthy Sinner;Serena Akeroyd;4,46;1,975 ;327 ;302;2023-01-24;2023;Romance
George;Frieda Hughes;3,84;1,136 ;206 ;272;2023-06-06;2023;Memoir
Lies My Liberal Teacher Told Me;Wilfred Reilly;3,93;55 ;8 ;288;2023-08-15;2023;History
A Court This Cruel & Lovely;Stacia Stark;4,13;48,625 ;4,420 ;562;2023-03-24;2023;Fantasy
Dyscalculia: A Love Story of Epic Miscalculation;Camonghne Felix;3,83;3,007 ;573 ;240;2023-02-14;2023;Nonfiction
Ward D;Freida McFadden;4,02;217,716 ;15,849 ;333;2023-05-08;2023;Thriller
Dogboy v Catfish;Luke Gracias;4,09;300 ;261 ;247;2023-05-18;2023;Mystery
Such Good Friends: A Novel of Truman Capote & Lee Radziwill;Stephen Greco;3,71;1,110 ;218 ;480;2023-05-23;2023;Historical Fiction
Shakespeare: The Man Who Pays the Rent;Judi Dench;4,56;2,540 ;690 ;400;2023-10-26;2023;Nonfiction
Jeg burde kanskje ha sagt nei: Historier om alt som har skjedd meg fordi jeg er så dårlig til å sette grenser;Else Kåss Furuseth;3,83;462 ;37 ;202;2023-10-05;2023;Nonfiction
Man Candy;Vanessa Vale;4;2,537 ;416 ;362;2023-03-07;2023;Romance
The Good Girl;Nikki Sloane;3,77;4,929 ;665 ;368;2023-08-29;2023;Romance
A Beautiful Rival;Gill Paul;3,97;2,727 ;363 ;400;2023-09-05;2023;Historical Fiction
How Big Things Get Done: The Surprising Factors That Determine the Fate of Every Project, from Home Renovations to Space Exploration and Everything In Between;Bent Flyvbjerg;4,32;4,683 ;492 ;304;2023-02-07;2023;Business
Bad, Bad Seymour Brown;Susan Isaacs;3,83;1,391 ;157 ;400;2023-05-02;2023;Mystery
Conquer the Kingdom;Jennifer Estep;4;1,524 ;201 ;414;2023-03-07;2023;Fantasy
Rose/House;Arkady Martine;3,74;2,086 ;393 ;128;2023-04-18;2023;Science Fiction
America Fantastica;Tim O'Brien;3,46;3,448 ;629 ;464;2023-10-24;2023;Fiction
You're Not Supposed to Die Tonight;Kalynn Bayron;3,6;17,165 ;4,052 ;240;2023-06-20;2023;Horror
Where Coyotes Howl;Sandra Dallas;4;4,214 ;901 ;320;2023-04-18;2023;Historical Fiction
The Witch of New York: The Trials of Polly Bodine and the Cursed Birth of Tabloid Justice;C. Alexander Hortis;3,64;455 ;74 ;336;2023-08-01;2023;True Crime
Economics in America: An Immigrant Economist Explores the Land of Inequality;Angus Deaton;3,82;259 ;41 ;280;2023-01-01;2023;Economics
Künstlers in Paradise;Cathleen Schine;3,53;3,109 ;518 ;272;2023-03-14;2023;Fiction
Back in a Spell;Lana Harper;3,73;7,192 ;976 ;320;2023-01-03;2023;Romance
The Late Mrs. Willoughby;Claudia Gray;3,9;6,193 ;998 ;385;2023-05-16;2023;Mystery
The Stolen Throne;Abigail Owen;4,06;2,659 ;467 ;528;2023-05-02;2023;Fantasy
Excavations;Kate Myers;3,35;1,630 ;255 ;224;2023-07-04;2023;Fiction
Dogtown;Katherine Applegate;4,23;1,503 ;324 ;352;2023-09-19;2023;Middle Grade
Her Radiant Curse;Elizabeth Lim;4,18;6,236 ;1,498 ;425;2023-08-29;2023;Fantasy
The Keeper of Hidden Books;Madeline Martin;4,13;19,153 ;2,032 ;416;2023-08-01;2023;Historical Fiction
Built from the Fire: The Epic Story of Tulsa's Greenwood District, America's Black Wall Street;Victor Luckerson;4,39;561 ;106 ;672;2023-05-23;2023;Nonfiction
The Revolt Against Humanity: Imagining a Future Without Us;Adam Kirsch;4,11;249 ;47 ;104;2023-01-10;2023;Philosophy
A Tournament of Crowns;Elise Kova;4,28;1,579 ;187 ;394;2023-02-27;2023;Fantasy
Something is Killing the Children #34;James Tynion IV;4,39;147 ;11 ;26;2023-10-25;2023;Comics
Fearless;M.W. Craven;4,09;2,575 ;409 ;416;2023-06-06;2023;Thriller
Like Thunder;Nnedi Okorafor;4;473 ;78 ;303;2023-11-28;2023;Fantasy
The Book of Charlie: Wisdom from the Remarkable American Life of a 109-Year-Old Man;David von Drehle;4;8,467 ;1,075 ;194;2023-05-23;2023;Nonfiction
Quantum Supremacy;Michio Kaku;3,79;1,850 ;246 ;352;2023-05-02;2023;Science
The Veil;Ivy Brannon;4,01;149 ;65 ;416;2023-02-01;2023;Fantasy
Will They or Won't They;Ava Wilder;3,59;16,856 ;3,084 ;384;2023-06-27;2023;Romance
Done and Dusted;Lyla Sage;3,9;119,035 ;20,534 ;356;2023-06-06;2023;Westerns
Into the Bright Open: A Secret Garden Remix;Cherie Dimaline;3,81;685 ;159 ;281;2023-09-05;2023;Historical Fiction
The Kind Worth Saving;Peter Swanson;3,69;34,646 ;3,629 ;303;2023-03-07;2023;Thriller
Anger Bang;Avery Flynn;3,72;3,727 ;542 ;400;2023-06-27;2023;Romance
Charm City Rocks;Matthew Norman;4,05;2,700 ;672 ;353;2023-06-06;2023;Romance
10 Things That Never Happened;Alexis Hall;3,91;12,120 ;2,691 ;391;2023-10-17;2023;Romance
Charlie Chaplin vs. America: When Art, Sex, and Politics Collided;Scott Eyman;4,14;367 ;82 ;428;2023-10-31;2023;Biography
House of Pounding Hearts;Olivia Wildenstein;4,16;19,647 ;1,707 ;444;2023-01-29;2023;Fantasy
Out of Nowhere;SandraBrown;4,17;18,010 ;1,101 ;417;2023-08-01;2023;Romance
The Counterfeit Scoundrel;Lorraine Heath;3,79;2,103 ;361 ;368;2023-02-21;2023;Historical Romance
The Mostly True Story of Tanner and Louise;Colleen Oakley;4,05;26,235 ;3,635 ;352;2023-03-28;2023;Fiction
Night Angels;Weina Dai Randel;4,23;15,689 ;835 ;375;2023-02-01;2023;Historical Fiction
Rough Heat;Marina Vivancos;4,15;510 ;90 ;144;2023-11-28;2023;Omegaverse
Swamp Story;Dave Barry;3,88;7,114 ;1,321 ;320;2023-05-02;2023;Fiction
Chasm;Stacey McEwan;4;2,953 ;509 ;502;2023-09-12;2023;Fantasy
Not the Ones Dead;Dana Stabenow;4,29;2,614 ;293 ;336;2023-04-11;2023;Mystery
The Faint of Heart;Kerilynn Wilson;3,89;1,860 ;402 ;304;2023-06-13;2023;Graphic Novels
The Long Run;James Acker;4,31;2,943 ;603 ;400;2023-02-07;2023;Romance
Something is Killing the Children #31;James Tynion IV;4,24;220 ;14 ;31;2023-07-19;2023;Comics
Firestone: The Omega & The Exiled Prince;Claire Cullen;4,22;495 ;36 ;243;2023-01-04;2023;Fantasy
Day;Michael Cunningham;3,58;10,226 ;1,765 ;273;2023-11-14;2023;Fiction
Blind Fear;Brandon Webb;4,3;321 ;88 ;398;2023-07-11;2023;Thriller
Basil and Oregano;Melissa Capriglione;3,87;1,884 ;365 ;232;2023-06-06;2023;Graphic Novels
Only This Beautiful Moment;Abdi Nazemian;4,46;1,679 ;371 ;400;2023-05-09;2023;Young Adult
Something is Killing the Children #32;James Tynion IV;4,2;198 ;21 ;31;2023-08-16;2023;Comics
The Siren, the Song, and the Spy;Maggie Tokuda-Hall;4,21;367 ;80 ;307;2023-01-01;2023;Fantasy
Valiant Women: The Extraordinary American Servicewomen Who Helped Win World War II;Lena Andrews;4;1,359 ;221 ;351;2023-08-01;2023;Nonfiction
Ordinary Human Failings;Megan Nolan;3,79;6,290 ;862 ;224;2023-06-15;2023;Fiction
The Second Chance Year;Melissa Wiesner;4;10,910 ;2,100 ;328;2023-12-05;2023;Romance
The Husband Game;Brigham Vaughn;4,19;1,858 ;265 ;575;2023-06-30;2023;Hockey
Faking It With the Grump;Kate O'Keeffe;3,69;1,791 ;550 ;318;2023-03-14;2023;Romance
Bewitched;Laura Thalassa;3,96;12,724 ;2,477 ;443;2023-04-18;2023;Fantasy
Same Time Next Summer;Annabel Monaghan;3,76;100,400 ;11,519 ;319;2023-06-06;2023;Romance
Love Betrayal Murder;Adam Mitzner;3,96;988 ;209 ;330;2023-05-16;2023;Mystery
Hungry Ghost;Victoria Ying;4,02;4,328 ;805 ;208;2023-04-25;2023;Graphic Novels
Codename Charming;Lucy Parker;3,77;3,883 ;755 ;378;2023-08-15;2023;Romance
The Meadows;Stephanie Oakes;4,06;450 ;167 ;448;2023-09-12;2023;Young Adult
Saga #66;Brian K. Vaughan;4,17;755 ;81 ;31;2023-09-20;2023;Comics
The Amazing Alpha Tau Boyfriend Project;Lisa Henry;3,94;2,054 ;381 ;200;2023-09-20;2023;M M Romance
Hoarded by the Dragon;Lillian Lark;4,11;7,838 ;763 ;379;2023-11-03;2023;Romance
Golden;Shannon Mayer;4,1;7,045 ;697 ;283;2023-01-02;2023;Fantasy
A Rogue's Rules for Seduction;Eva Leigh;3,77;1,497 ;386 ;349;2023-04-25;2023;Historical Romance
The Memory Eater;Rebecca Mahoney;3,82;405 ;92 ;336;2023-03-14;2023;Fantasy
Saga #63;Brian K. Vaughan;4,25;959 ;91 ;32;2023-04-05;2023;Graphic Novels
Witch of Wild Things;Raquel Vasquez Gilliland;3,74;8,714 ;1,401 ;320;2023-09-12;2023;Romance
Johann;Grae Bryan;4,22;3,280 ;453 ;263;2023-02-09;2023;M M Romance
Legacy of Shadows;Tessa Hale;4,09;10,799 ;638 ;290;2023-03-15;2023;Reverse Harem
The Blood Gift;N.E. Davenport;3,66;2,339 ;513 ;464;2023-04-18;2023;Fantasy
I'm No Philosopher, But I Got Thoughts: Mini-Meditations for Saints, Sinners, and the Rest of Us;Kristin Chenoweth;3,52;3,058 ;444 ;224;2023-01-17;2023;Nonfiction
Tucker;Chadwick Moore;4,28;450 ;88 ;272;2023-08-01;2023;Biography
Something is Killing the Children #30;James Tynion IV;4,21;233 ;19 ;28;2023-03-29;2023;Comics
Banyan Moon;Thao Thai;3,92;25,496 ;2,652 ;336;2023-06-27;2023;Fiction
The Village Healer’s Book of Cures;Jennifer Sherman Roberts;3,78;9,131 ;574 ;282;2023-10-03;2023;Historical Fiction
His Curvy Rejected Mate;Cate C. Wells;3,88;5,268 ;608 ;272;2023-04-27;2023;Paranormal
A Shadow Crown;Melissa Blair;4,11;9,909 ;1,100 ;480;2023-05-09;2023;Fantasy
King;S.J. Tilly;4,16;36,337 ;2,869 ;394;2023-05-25;2023;Romance
Little Monsters #12;Jeff Lemire;4,16;56 ;8 ;28;2023-04-12;2023;Comics
Dayswork;Chris Bachelder;3,87;704 ;193 ;240;2023-01-01;2023;Fiction
Call of the Sea;Chani Lynn Feener;4,15;1,168 ;183 ;569;2023-10-31;2023;M M Romance
Captured Fate;Eva Chase;3,92;2,548 ;153 ;402;2023-02-22;2023;Reverse Harem
Uncle of the Year: And Other Debatable Triumphs;Andrew Rannells;4,05;2,103 ;340 ;272;2023-05-16;2023;Nonfiction
Alchemy of a Blackbird;Claire McMillan;3,89;796 ;180 ;272;2023-07-11;2023;Historical Fiction
We Don't Lose Our Class Goldfish;Ryan T. Higgins;4,3;899 ;128 ;48;2023-03-28;2023;Picture Books
Red Rising: Sons of Ares Vol. 3: Forbidden Song;Pierce Brown;4,27;652 ;74 ;120;2023-04-11;2023;Graphic Novels
Diana: My Graphic Obsession;Sivan Piatigorsky-Roth;3,51;237 ;43 ;160;2023-05-02;2023;Graphic Novels
Enter Ghost;Isabella Hammad;4,08;4,493 ;792 ;336;2023-04-04;2023;Fiction
Insatiable Park Avenue Prince;Brooke Blaine;3,98;2,727 ;369 ;424;2023-11-09;2023;M M Romance
Song of Silver, Flame Like Night;Amélie Wen Zhao;3,81;10,444 ;2,640 ;512;2023-01-03;2023;Fantasy
The Eyes and the Impossible;Dave Eggers;4,25;7,499 ;1,530 ;256;2023-05-09;2023;Middle Grade
Now You See Us;Balli Kaur Jaswal;3,74;3,880 ;614 ;320;2023-03-07;2023;Fiction
Jade Shards;Fonda Lee;4,34;1,932 ;442 ;136;2023-07-31;2023;Fantasy
The Book of Fire;Christy Lefteri;3,83;3,338 ;683 ;323;2023-08-17;2023;Fiction
The Fiancée Farce;Alexandria Bellefleur;3,99;14,332 ;2,588 ;412;2023-04-18;2023;Romance
Planes, Trains, and All the Feels;Livy Hart;3,72;6,365 ;977 ;352;2023-05-23;2023;Romance
Master Slave Husband Wife: An Epic Journey from Slavery to Freedom;Ilyon Woo;4;11,933 ;1,726 ;416;2023-01-17;2023;Nonfiction
Time to Shine;Rachel Reid;4,06;7,392 ;1,622 ;350;2023-09-26;2023;Romance
Hidden in the Pines;Victoria Houston;3,9;526 ;81 ;288;2023-01-10;2023;Mystery
The Secret Recipe of Ella Dove;Karen Hawkins;3,87;1,666 ;262 ;352;2023-08-15;2023;Magical Realism
Boys Weekend;Mattie Lubchansky;4,04;2,303 ;445 ;232;2023-06-06;2023;Graphic Novels
What the Taliban Told Me;Ian Fritz;3,49;221 ;56 ;304;2023-11-07;2023;Memoir
Glitter;Shannon Mayer;4,43;4,005 ;344 ;362;2023-08-25;2023;Fantasy
Dead Mountain;Douglas Preston;4,32;12,042 ;982 ;388;2023-08-22;2023;Mystery
Saga #62;Brian K. Vaughan;4,28;1,026 ;106 ;32;2023-02-22;2023;Comics
Ephemera;Briana Loewinsohn;4;957 ;176 ;200;2023-03-21;2023;Graphic Novels
Never Met a Duke Like You;Amalie Howard;3,79;2,267 ;590 ;361;2023-11-14;2023;Romance
The Glutton;A.K. Blakemore;3,79;2,847 ;637 ;320;2023-10-31;2023;Historical Fiction
Moorewood Family Rules;HelenKay Dimon;3,28;3,605 ;731 ;384;2023-04-25;2023;Fiction
House of Striking Oaths;Olivia Wildenstein;4,01;12,193 ;1,011 ;591;2023-06-29;2023;Fantasy
Something is Killing the Children #29;James Tynion IV;4,26;250 ;22 ;31;2023-02-22;2023;Comics
The Infinity Particle;Wendy Xu;4,03;2,099 ;477 ;272;2023-08-29;2023;Graphic Novels
Hott Shot;Serena Bell;4,11;369 ;122 ;300;2023-09-14;2023;Romance
Saga #61;Brian K. Vaughan;4,39;1,154 ;146 ;32;2023-01-25;2023;Comics
Heron Mill Tenebris;K.L. Taylor-Lane;4,28;311 ;80 ;245;2023-02-08;2023;Dark
Gone Tonight;Sarah Pekkanen;3,82;26,335 ;3,927 ;338;2023-08-01;2023;Thriller
The Endless War;Danielle L. Jensen;4,2;13,517 ;1,565 ;496;2023-11-28;2023;Fantasy
All the Dead Shall Weep;Charlaine Harris;4,09;3,529 ;409 ;256;2023-09-05;2023;Fantasy
Milk & Mocha: Our Little Happiness;Melani Sie;4,37;858 ;351 ;128;2023-07-25;2023;Graphic Novels
Obsession;Stuart Woods;4,21;3,397 ;209 ;320;2023-07-25;2023;Mystery
Deliver Me from Nowhere: The Making of Bruce Springsteen's Nebraska;Warren Zanes;4,42;1,433 ;206 ;320;2023-01-01;2023;Music
Paper Planes;Jennie Wood;3,66;1,763 ;548 ;216;2023-07-18;2023;Graphic Novels
Emergency Contact;Lauren Layne;3,97;5,812 ;1,144 ;284;2023-10-24;2023;Romance
Near Miss;Stuart Woods;4,16;5,359 ;260 ;352;2023-06-06;2023;Mystery
Fence: Redemption #4;C.S. Pacat;4,56;231 ;44 ;25;2023-09-13;2023;Young Adult
The Good Part;Sophie Cousens;4,04;27,008 ;4,838 ;384;2023-11-07;2023;Romance
A Midsummer Night's Scheme;Harper Kincaid;3,82;406 ;186 ;272;2023-03-21;2023;Mystery
Vengeance of the Pirate Queen;Tricia Levenseller;4,02;7,993 ;1,433 ;336;2023-11-01;2023;Fantasy
Beneath The Trees Where Nobody Sees #2;Patrick Horvath;4,49;435 ;43 ;30;2023-12-06;2023;Graphic Novels
The Maltese Iguana;Tim Dorsey;4,02;1,298 ;154 ;336;2023-02-28;2023;Fiction
Fishflies #1;Jeff Lemire;3,95;186 ;23 ;64;2023-07-12;2023;Comics
Borrow My Heart;Kasie West;3,64;5,262 ;1,112 ;320;2023-06-13;2023;Romance
Murder Off the Books;Tamara Berry;3,99;981 ;240 ;336;2023-05-30;2023;Mystery
The Viper;John Verdon;3,86;1,294 ;163 ;400;2023-07-18;2023;Mystery
Cold Curses;Chloe Neill;4,29;1,364 ;124 ;375;2023-11-14;2023;Urban Fantasy
When Clouds Touch Us;Thanhhà Lại;3,73;949 ;222 ;256;2023-05-09;2023;Middle Grade
The Lost Cause;Cory Doctorow;3,66;1,169 ;255 ;368;2023-11-14;2023;Science Fiction
I Did It For You;Amy Engel;3,49;1,624 ;346 ;288;2023-07-25;2023;Thriller
Cahokia Jazz;Francis Spufford;4,05;1,930 ;383 ;464;2023-10-05;2023;Fiction
The Mysteries;Bill Watterson;3,76;4,935 ;921 ;72;2023-10-10;2023;Graphic Novels
People Collide;Isle McElroy;3,57;1,759 ;338 ;256;2023-09-26;2023;Fiction
23 1/2 Lies;James Patterson;3,71;12,274 ;811 ;448;2023-09-12;2023;Mystery
The Oxygen Farmer;Colin Holmes;3,92;470 ;93 ;320;2023-12-05;2023;Science Fiction
Hockey Girl Loves Drama Boy;Faith Erin Hicks;3,97;3,113 ;652 ;304;2023-10-03;2023;Graphic Novels
Orbital;Samantha Harvey;3,74;2,871 ;655 ;207;2023-12-05;2023;Fiction
There Was a Party for Langston;Jason Reynolds;4,49;1,397 ;309 ;56;2023-10-03;2023;Picture Books
Hangman;Maya Binyam;3,6;1,178 ;265 ;194;2023-08-08;2023;Fiction
Counting the Cost;Jill Duggar;4,07;105,562 ;9,727 ;287;2023-09-12;2023;Nonfiction
Seven Rules for Breaking Hearts;Kristyn J. Miller;3,49;2,364 ;796 ;352;2023-05-16;2023;Romance
The Golden Gate;Amy Chua;3,89;3,150 ;687 ;384;2023-09-19;2023;Historical Fiction
What You Need to Be Warm;Neil Gaiman;4,21;3,366 ;390 ;32;2023-10-31;2023;Poetry
The Takedown;Carlie Walker;3,87;3,449 ;626 ;352;2023-10-03;2023;Romance
Dome 6;Gail Carriger;4,49;574 ;82 ;336;2023-10-01;2023;Science Fiction
Cold People;Tom Rob Smith;3,53;4,133 ;800 ;354;2023-01-19;2023;Science Fiction
Monstress, Vol. 8: Inferno;Marjorie M. Liu;4,02;1,288 ;200 ;208;2023-11-28;2023;Fantasy
The Auburn Conference;Tom Piazza;3,81;346 ;79 ;199;2023-05-01;2023;Historical Fiction
The Internet Con: How to Seize the Means of Computation;Cory Doctorow;4,17;765 ;112 ;192;2023-09-05;2023;Nonfiction
The Bill of Obligations: The Ten Habits of Good Citizens;Richard N. Haass;4,15;1,118 ;194 ;240;2023-01-24;2023;Nonfiction
The Shamshine Blind;Paz Pardo;3,53;1,251 ;279 ;320;2023-02-14;2023;Science Fiction
Remember Me;Mary Balogh;3,98;3,834 ;430 ;368;2023-06-20;2023;Romance
Brotherless Night;V.V. Ganeshananthan;4,46;4,500 ;832 ;348;2023-01-03;2023;Historical Fiction
The Joker, Volume Three;James Tynion IV;3,91;257 ;34 ;160;2023-02-21;2023;Comics
Every Duke Has His Day;Suzanne Enoch;3,88;2,387 ;667 ;320;2023-09-19;2023;Romance
Night Watch;Jayne Anne Phillips;3,8;5,577 ;806 ;304;2023-09-19;2023;Historical Fiction
Blessing of the Lost Girls;J.A. Jance;4,2;5,951 ;459 ;335;2023-08-15;2023;Mystery
The Trackers;Charles Frazier;3,71;11,998 ;1,472 ;320;2023-04-11;2023;Historical Fiction
The Spy Coast;Tess Gerritsen;4,36;69,556 ;4,091 ;341;2023-11-01;2023;Mystery
The Manifestor Prophecy;Angie Thomas;4,19;2,461 ;545 ;354;2023-04-04;2023;Fantasy
Slay;Laurell K. Hamilton;4,23;4,505 ;553 ;404;2023-01-01;2023;Urban Fantasy
She-Hulk (2022-2023) #10;Rainbow Rowell;4,03;131 ;14 ;23;2023-02-22;2023;Marvel
Little Monsters #9;Jeff Lemire;3,86;72 ;7 ;29;2023-01-11;2023;Comics
She-Hulk (2022-2023) #11;Rainbow Rowell;4,09;135 ;17 ;22;2023-03-22;2023;Marvel
House of Slaughter #11;James Tynion IV;3,8;93 ;11 ;28;2023-01-18;2023;Horror
House of Slaughter #12;James Tynion IV;3,92;90 ;5 ;27;2023-02-15;2023;Comics
Little Monsters #11;Jeff Lemire;3,93;58 ;7 ;30;2023-03-15;2023;Comics
The Tangle of Awful;K. Webster;3,71;1,147 ;258 ;338;2023-02-21;2023;M F M
House of Slaughter #13;James Tynion IV;3,96;89 ;8 ;30;2023-03-15;2023;Comics
I Hate Fairyland, Vol. 5: Gert's Inferno;Skottie Young;4,16;483 ;69 ;128;2023-06-27;2023;Graphic Novels
House of Slaughter #14;James Tynion IV;3,96;68 ;5 ;27;2023-04-19;2023;Horror
Saga #64;Brian K. Vaughan;4,21;894 ;80 ;32;2023-05-10;2023;Graphic Novels
Little Monsters #13;Jeff Lemire;3,98;50 ;10 ;33;2023-05-17;2023;Comics
Quest #1;Jonathan Luna;3,33;18 ;4 ;32;2023-08-02;2023;Comics
Something is Killing the Children #33;James Tynion IV;4,11;159 ;10 ;26;2023-09-20;2023;Comics
His Runaway Valentine;Cassi Hart;4,03;189 ;22 ;64;2023-02-09;2023;Romance
Edge of Woods Road;Leigh Maynard;3,94;72 ;39 ;293;2023-02-07;2023;Romance
My So-Called Sex Life;Lauren Blakely;4,01;5,404 ;423 ;372;2023-03-01;2023;Romance
Dear Grumpy Boss;Julia Wolf;3,93;15,611 ;1,301 ;414;2023-03-09;2023;Romance
Cleat Cute;Meryl Wilsner;3,78;20,772 ;4,375 ;328;2023-09-19;2023;Romance
The RSVP;Lauren Blakely;3,85;5,347 ;479 ;450;2023-01-04;2023;Romance
You Should Smile More;Anastasia Ryan;3,64;2,118 ;553 ;256;2023-01-17;2023;Romance
When the Farmer Met the City Girl;Jessa Kane;3,63;3,552 ;356 ;85;2023-01-18;2023;Novella
Pretend Ring Girl;Cassi Hart;4,16;231 ;31 ;68;2023-01-25;2023;Romance
